Workbook

Sheet Resumo
B2: MSI ENGENHARIA E TECNOLOGIA
B3: CONTRATO: 089/2026 — Ferro+ Mineração S.A — Sistema de Proteção contra Descargas Atmosféricas (SPDA)
B4: Resumo Geral — Painel de Acompanhamento
B6: =COUNTA(Controle!E4:E102) -> 98 | C6: =COUNTIF(Controle!Z4:Z102,"SPDA Conforme") -> 88 | D6: =COUNTIF(Controle!Z4:Z102,"Em andamento") -> 3 | E6: =COUNTIF(Controle!Z4:Z102,"SPDA Não Conforme") -> 1 | F6: =COUNTIF(Controle!Z4:Z102,"Paralisado/Novo Projeto") -> 1
B7: Áreas monitoradas | C7: Conformes (SPDA Conforme) | D7: Em andamento | E7: Não conformes | F7: Paralisadas / Novo Projeto
B8: =AVERAGE(Controle!P4:P102) -> 0.98355263 | C8: =COUNTIFS(Controle!AC4:AC102,"<>OK",Controle!AC4:AC102,"<>") -> 5 | D8: =COUNTIFS(Controle!T4:T102,"<"&TODAY(),Controle!T4:T102,"<>") -> 54 | E8: =COUNTIFS(Controle!T4:T102,">="&TODAY(),Controle!T4:T102,"<="&TODAY()+90) -> 0 | F8: =COUNTIFS(Controle!W4:W102,"<"&TODAY(),Controle!W4:W102,"<>") -> 90
B9: % Adequação média geral | C9: Pendências em aberto | D9: Laudos vencidos | E9: Laudos vencendo em 90 dias | F9: Inspeções (IS) vencidas
B10: =COUNTA(RIs!M4:M99) -> 0 | C10: =COUNTIF(RIs!O4:O99,"Aberta") -> 0 | D10: =COUNTIF(RIs!O4:O99,"Corrigida") -> 0
B11: Não conformidades registradas | C11: Não conformidades abertas | D11: Não conformidades corrigidas
B12: Distribuição de Status das Áreas Ativas
B13: Status | C13: Qtde
B14: SPDA Conforme | C14: =COUNTIF(Controle!Z4:Z102,"SPDA Conforme") -> 88
B15: Em andamento | C15: =COUNTIF(Controle!Z4:Z102,"Em andamento") -> 3
B16: SPDA Não Conforme | C16: =COUNTIF(Controle!Z4:Z102,"SPDA Não Conforme") -> 1
B17: Paralisado/Novo Projeto | C17: =COUNTIF(Controle!Z4:Z102,"Paralisado/Novo Projeto") -> 1
B18: Documentação Técnica Emitida
B19: Tipo de Documento | C19: Qtde Emitida
B20: Desenhos (DE) | C20: =COUNTA(Desenhos!A5:A93) -> 88
B21: Memoriais Descritivos (MD) | C21: =COUNTA(MDs!A4:A87) -> 84
B22: Listas de Materiais (LM) | C22: =COUNTA(LMs!A4:A89) -> 86
B23: Análises de Risco (MC) | C23: =COUNTA(MCs!A4:A98) -> 95
B24: Relatórios de Inspeção (RI) | C24: =COUNTA(RIs!A4:A99) -> 96

Sheet Desenhos
C1: Ferro+ - Ferro+ Mineração S.A
C2: CONTRATO: 089/2026 - Empresa: MSI Engenharia e Tecnologia LTDA
A3: OBJETO: Prestação de serviços de engenharia em formato de contrato ‘guarda-chuva’ para elaboração de estudos de análise de Riscos de Descarga Elétrica Atmosférica nas instalações da CONTRATANTE, localizados nos estados Minas Gerais, Espírito
A4: Número | B4: Obs.: | C4: Descrição da Área | D4: Título 1 | E4: Título 2 | F4: Título 3 | G4: Folhas | H4: Revisão | I4: Data de Emissão | J4: Número MSI | K4: Número J.Mendes
A5: K19-204-FER-DE-001 | C5: Planta Moinho de Rolos | D5: PROJETO EXECUTIVO DO SISTEMA DE PROTEÇÃO CONTRA DESCARGAS ATMOSFÉRICAS (SPDA) | E5: PLANTA MOINHO DE ROLOS | F5: PLANTA BAIXA, COBERTURA, CORTES A-A' E B-B' COM VOLUME PROTEGIDO | G5: 1 | H5: 0 | I5: 44075
A6: K19-204-FER-DE-002 | C6: Container Gestão de Contratos | D6: PROJETO EXECUTIVO DO SISTEMA DE PROTEÇÃO CONTRA DESCARGAS ATMOSFÉRICAS (SPDA) | E6: CONTAINER GESTÃO DE CONTRATOS | F6: PLANTA BAIXA, COBERTURA, CORTES A-A' E B-B' COM VOLUME PROTEGIDO | G6: 1 | H6: 0 | I6: 44075
A7: K19-204-FER-DE-003 | C7: Container RH Portaria | D7: PROJETO EXECUTIVO DO SISTEMA DE PROTEÇÃO CONTRA DESCARGAS ATMOSFÉRICAS (SPDA) | E7: CONTAINER RH PORTARIA | F7: PLANTA BAIXA, COBERTURA, CORTE A-A' E VOLUME PROTEGIDO | G7: 1 | H7: 0 | I7: 44075
A8: K19-204-FER-DE-004 | C8: Container RH Restaurante | D8: PROJETO EXECUTIVO DO SISTEMA DE PROTEÇÃO CONTRA DESCARGAS ATMOSFÉRICAS (SPDA) | E8: CONTAINER RH RESTAURANTE | F8: PLANTA BAIXA, COBERTURA, CORTE A-A' E VOLUME PROTEGIDO | G8: 1 | H8: 0 | I8: 44075
A9: K19-204-FER-DE-005 | C9: Container Fiscal Portaria | D9: PROJETO EXECUTIVO DO SISTEMA DE PROTEÇÃO CONTRA DESCARGAS ATMOSFÉRICAS (SPDA) | E9: CONTAINER FISCAL PORTARIA | F9: PLANTA BAIXA, COBERTURA, CORTE A-A' E VOLUME PROTEGIDO | G9: 1 | H9: 0 | I9: 44075
A10: K19-204-FER-DE-006 | C10: Container da Parada de Segurança | D10: PROJETO EXECUTIVO DO SISTEMA DE PROTEÇÃO CONTRA DESCARGAS ATMOSFÉRICAS (SPDA) | E10: CONTAINER DA PARADA DE SEGURANÇA | F10: PLANTA BAIXA, COBERTURA, CORTES A-A', B-B' E VOLUME PROTEGIDO | G10: 1 | H10: 0 | I10: 44075
A11: K19-204-FER-DE-007 | C11: Container Geotecnia | D11: PROJETO EXECUTIVO DO SISTEMA DE PROTEÇÃO CONTRA DESCARGAS ATMOSFÉRICAS (SPDA) | E11: CONTAINER GEOTECNIA | F11: PLANTA BAIXA, COBERTURA E CORTE A-A' COM VOLUME PROTEGIDO | G11: 1 | H11: 0 | I11: 44075
A12: K19-204-FER-DE-008 | C12: Containers próximo a Planta Piloto ITM | D12: PROJETO EXECUTIVO DO SISTEMA DE PROTEÇÃO CONTRA DESCARGAS ATMOSFÉRICAS (SPDA) | E12: CONTAINERS PRÓXIMO A PLANTA PILOTO ITM | F12: PLANTA BAIXA, COBERTURA, CORTES A-A', B-B', C-C' E D-D' COM VOLUME PROTEGIDO | G12: 1 | H12: 0 | I12: 44075
A13: K19-204-FER-DE-009 | C13: Escritório Geologia/Geotecnia | D13: PROJETO EXECUTIVO DO SISTEMA DE PROTEÇÃO CONTRA DESCARGAS ATMOSFÉRICAS (SPDA) | E13: ESCRITÓRIO GEOLOGIA/GEOTECNIA | F13: PLANTA BAIXA, COBERTURA, CORTES A-A' E B-B' COM VOLUME PROTEGIDO | G13: 1 | H13: 0 | I13: 44075
A14: K19-204-FER-DE-010 | C14: Oficina Caldeiraria | D14: PROJETO EXECUTIVO DO SISTEMA DE PROTEÇÃO CONTRA DESCARGAS ATMOSFÉRICAS (SPDA) | E14: OFICINA CALDEIRARIA | F14: PLANTA BAIXA, COBERTURA, CORTES A-A' E B-B' COM VOLUME PROTEGIDO | G14: 1 | H14: 0 | I14: 44075
A15: K19-204-FER-DE-011 | C15: Tanque Ácido Filtragem | D15: PROJETO EXECUTIVO DO SISTEMA DE PROTEÇÃO CONTRA DESCARGAS ATMOSFÉRICAS (SPDA) | E15: TANQUE ÁCIDO FILTRAGEM | F15: PLANTA BAIXA, COBERTURA, CORTES A-A' COM VOLUME PROTEGIDO | G15: 1 | H15: 0 | I15: 44075
A16: K19-204-FER-DE-012 | C16: Peneira Estática Mina | D16: PROJETO EXECUTIVO DO SISTEMA DE PROTEÇÃO CONTRA DESCARGAS ATMOSFÉRICAS (SPDA) | E16: PENEIRA ESTÁTICA MINA | F16: PLANTA BAIXA, COBERTURA, CORTES A-A' E B-B' COM VOLUME PROTEGIDO | G16: 1 | H16: 0 | I16: 44075
... A22: K19-204-FER-DE-018 | C22: Área de Classificação próxima ao Container do Meio Ambiente | D22: PROJETO EXECUTIVO DO SISTEMA DE PROTEÇÃO CONTRA DESCARGAS ATMOSFÉRICAS (SPDA) | E22: ÁREA DE CLASSIFICAÇÃO PRÓXIMO AO CONTAINER DO MEIO AMBIENTE | F22: PLANTA BAIXA, COBERTURA E CORTE A-A' COM VOLUME PROTEGIDO | G22: 1 | H22: 0 | I22: 44075
A23: K19-204-FER-DE-019 | B23: 20210369268 | C23: Oficina de Manutenção Peneiras Estáticas Cava Sul | D23: PROJETO EXECUTIVO DO SISTEMA DE PROTEÇÃO CONTRA DESCARGAS ATMOSFÉRICAS (SPDA) | E23: CONTAINER MANUTENÇÃO PENEIRA ESTÁTICA | F23: PLANTA BAIXA, COBERTURA, CORTES A-A' E B-B' COM VOLUME PROTEGIDO | G23: 1 | H23: 0 | I23: 44075
A24: K19-204-FER-DE-020 | C24: Ponto de Ônibus ITM | D24: PROJETO EXECUTIVO DO SISTEMA DE PROTEÇÃO CONTRA DESCARGAS ATMOSFÉRICAS (SPDA) | E24: PONTO DE ÔNIBUS ITM | F24: PLANTA BAIXA, COBERTURA, CORTE A-A' E VOLUME PROTEGIDO | G24: 1 | H24: 0 | I24: 44075
A25: K19-204-FER-DE-021 | B25: MG20210510755 | C25: Classificação, Rebritagens 1 e 2, Espirais e SE 138kV/CCM | D25: PROJETO EXECUTIVO DO SISTEMA DE PROTEÇÃO CONTRA DESCARGAS ATMOSFÉRICAS (SPDA) | E25: CLASSIFICAÇÃO, REBRITAGENS 1 E 2, ESPIRAIS E SE 138KV/CCM | F25: PLANTA BAIXA, COBERTURA, CORTES A-A', B-B', C-C' E D-D' COM VOLUME PROTEGIDO | G25: 1 | H25: 0 | I25: 44136
A26: K19-204-FER-DE-022 | C26: Separador Magnético, Floculantes e Espessadores | D26: PROJETO EXECUTIVO DO SISTEMA DE PROTEÇÃO CONTRA DESCARGAS ATMOSFÉRICAS (SPDA) | E26: SEPARADOR MAGNÉTICO, FLOCULANTES E ESPESSADORES | F26: PLANTA BAIXA, COBERTURA, CORTES A-A' E B-B' COM VOLUME PROTEGIDO | G26: 1 | H26: 0 | I26: 44136
A27: K19-204-FER-DE-023 | B27: MG20210510899 | C27: Britagem | D27: PROJETO EXECUTIVO DO SISTEMA DE PROTEÇÃO CONTRA DESCARGAS ATMOSFÉRICAS (SPDA) | E27: BRITAGEM | F27: PLANTA BAIXA, COBERTURA E CORTE A-A' COM VOLUME PROTEGIDO | G27: 1 | H27: 0 | I27: 44136
A28: K19-204-FER-DE-024 | C28: Filtragem Cerâmica de Concentrado | D28: PROJETO EXECUTIVO DO SISTEMA DE PROTEÇÃO CONTRA DESCARGAS ATMOSFÉRICAS (SPDA) | E28: FILTRAGEM CERÂMICA DE CONCENTRADO | F28: PLANTA BAIXA, COBERTURA E CORTE A-A' COM VOLUME PROTEGIDO | G28: 1 | H28: 0 | I28: 44136
A29: K19-204-FER-DE-025 | C29: Planta Piloto ITM | D29: PROJETO EXECUTIVO DO SISTEMA DE PROTEÇÃO CONTRA DESCARGAS ATMOSFÉRICAS (SPDA) | E29: PLANTA PILOTO ITM | F29: PLANTA BAIXA, COBERTURA E CORTE A-A' COM VOLUME PROTEGIDO | G29: 1 | H29: 0 | I29: 44136
A30: K19-204-FER-DE-026 | C30: Fábrica de Placas e Container Meio Ambiente | D30: PROJETO EXECUTIVO DO SISTEMA DE PROTEÇÃO CONTRA DESCARGAS ATMOSFÉRICAS (SPDA) | E30: FÁBRICA DE PLACAS E CONTAINER MEIO AMBIENTE | F30: PLANTA BAIXA, COBERTURA, CORTES A-A' E B-B' COM VOLUME PROTEGIDO | G30: 1 | H30: 0 | I30: 44136
A31: K19-204-FER-DE-027 | C31: Portaria 2 | D31: PROJETO EXECUTIVO DO SISTEMA DE PROTEÇÃO CONTRA DESCARGAS ATMOSFÉRICAS (SPDA) | E31: PORTARIA 2 | F31: PLANTA BAIXA, COBERTURA E CORTE A-A' COM VOLUME PROTEGIDO | G31: 1 | H31: 0 | I31: 44136
A32: K19-204-FER-DE-028 | C32: Poço Artesiano 1 | D32: PROJETO EXECUTIVO DO SISTEMA DE PROTEÇÃO CONTRA DESCARGAS ATMOSFÉRICAS (SPDA) | E32: POÇO ARTESIANO 1 | F32: PLANTA BAIXA, COBERTURA E CORTE A A' COM VOLUME PROTEGIDO | G32: 1 | H32: 0 | I32: 44136
A33: K19-204-FER-DE-029 | C33: Apanhador de Água | D33: PROJETO EXECUTIVO DO SISTEMA DE PROTEÇÃO CONTRA DESCARGAS ATMOSFÉRICAS (SPDA) | E33: APANHADOR DE ÁGUA | F33: PLANTA BAIXA, COBERTURA E CORTE A-A' COM VOLUME PROTEGIDO | G33: 1 | H33: 0 | I33: 44136
A34: K19-204-FER-DE-030 | C34: Smartmine e Operação Mina | D34: PROJETO EXECUTIVO DO SISTEMA DE PROTEÇÃO CONTRA DESCARGAS ATMOSFÉRICAS (SPDA) | E34: SMARTMINE E OPERAÇÃO MINA | F34: PLANTA BAIXA, COBERTURA, CORTES A-A' E B-B' COM VOLUME PROTEGIDO | G34: 1 | H34: 0 | I34: 44136
A35: K19-204-FER-DE-031 | C35: Tenda Almoxarifado | D35: PROJETO EXECUTIVO DO SISTEMA DE PROTEÇÃO CONTRA DESCARGAS ATMOSFÉRICAS (SPDA) | E35: TENDA ALMOXARIFADO | F35: PLANTA BAIXA, COBERTURA, CORTES A-A' E B-B' COM VOLUME PROTEGIDO | G35: 1 | H35: 0 | I35: 44136
A36: K19-204-FER-DE-032 | C36: Oficina de Equipamentos | D36: PROJETO EXECUTIVO DO SISTEMA DE PROTEÇÃO CONTRA DESCARGAS ATMOSFÉRICAS (SPDA) | E36: OFICINA DE EQUIPAMENTOS | F36: PLANTA BAIXA, COBERTURA, CORTE A-A' E VOLUME PROTEGIDO B-B' | G36: 1 | H36: 0 | I36: 44136
A37: K19-204-FER-DE-033 | C37: Posto de Combustível | D37: PROJETO EXECUTIVO DO SISTEMA DE PROTEÇÃO CONTRA DESCARGAS ATMOSFÉRICAS (SPDA) | E37: POSTO DE COMBUSTÍVEL | F37: PLANTA BAIXA, COBERTURA, CORTES A-A' E B-B' COM VOLUME PROTEGIDO | G37: 1 | H37: 0 | I37: 44136
A38: K19-204-FER-DE-034 | C38: Depósito de Resíduos | D38: PROJETO EXECUTIVO DO SISTEMA DE PROTEÇÃO CONTRA DESCARGAS ATMOSFÉRICAS (SPDA) | E38: DEPÓSITO DE RESÍDUOS | F38: PLANTA BAIXA, COBERTURA, CORTES A-A' E B-B' COM VOLUME PROTEGIDO | G38: 1 | H38: 0 | I38: 44136
A39: K19-204-FER-DE-035 | C39: Depósito de Produtos Químicos | G39: 1 | H39: 1 | I39: 44136
A40: K19-204-FER-DE-036 | C40: Peneiras Cava sul | D40: PROJETO EXECUTIVO DO SISTEMA DE PROTEÇÃO CONTRA DESCARGAS ATMOSFÉRICAS (SPDA) | E40: CANTEIRO DE OBRAS CONTRATADAS VMF | F40: PLANTA BAIXA, COBERTURA, CORTE A-A' E CORTE B-B' COM VOLUME PROTEGIDO | G40: 1 | H40: 0 | I40: 44166
A41: K19-204-FER-DE-037 | B41: MG20210427181 | C41: Nova ETE Oficina | D41: PROJETO EXECUTIVO DO SISTEMA DE PROTEÇÃO CONTRA DESCARGAS ATMOSFÉRICAS (SPDA) | E41: NOVA ETE OFICINA | F41: PLANTA BAIXA, COBERTURA, CORTES A-A' E B-B' | G41: 1 | H41: 0 | I41: 44136
A42: K19-204-FER-DE-038 | B42: MG20210510720 | C42: Nova ETE Principal | D42: PROJETO EXECUTIVO DO SISTEMA DE PROTEÇÃO CONTRA DESCARGAS ATMOSFÉRICAS (SPDA) | E42: NOVA ETE PRINCIPAL | F42: PLANTA BAIXA, COBERTURA, CORTES A-A' E B-B' | G42: 1 | H42: 0 | I42: 44136
A43: K19-204-FER-DE-039 | B43: MG20210510928 | C43: Novo DIR (Depósito Intermediário de Resíduos) | D43: PROJETO EXECUTIVO DO SISTEMA DE PROTEÇÃO CONTRA DESCARGAS ATMOSFÉRICAS (SPDA) | E43: NOVO DIR (DEPÓSITO INTERMEDIÁRIO DE RESÍDUOS) | F43: PLANTA BAIXA, COBERTURA, CORTES A-A', B-B' E C-C' COM VOLUME PROTEGIDO | G43: 1 | H43: 0 | I43: 44136
A44: K19-204-FER-DE-040 | B44: MG20210427221 | C44: Canteiro de obras contratadas VMF | D44: PROJETO EXECUTIVO DO SISTEMA DE PROTEÇÃO CONTRA DESCARGAS ATMOSFÉRICAS (SPDA) | E44: CANTEIRO DE OBRAS CONTRATADAS VMF | F44: PLANTA BAIXA, COBERTURA, CORTES A-A', B-B' E C-C' COM VOLUME PROTEGIDO | G44: 1 | H44: 0 | I44: 44166
A45: K19-204-FER-DE-041 | B45: MG20210510983 | C45: Mirante | D45: PROJETO EXECUTIVO DO SISTEMA DE PROTEÇÃO CONTRA DESCARGAS ATMOSFÉRICAS (SPDA) | E45: MIRANTE | F45: PLANTA BAIXA, COBERTURA, CORTES A-A', B-B' E C-C' COM VOLUME PROTEGIDO | G45: 1 | H45: 0 | I45: 44197
A46: K19-204-FER-DE-042 | B46: MG20210427245 | C46: Container Recepção da Portaria | D46: PROJETO EXECUTIVO DO SISTEMA DE PROTEÇÃO CONTRA DESCARGAS ATMOSFÉRICAS (SPDA) | E46: CONTAINER RECEPÇÃO PORTARIA | F46: PLANTA BAIXA, COBERTURA, CORTES A-A' E B-B' | G46: 1 | H46: 0 | I46: 44287
A47: K19-204-FER-DE-043 | B47: 6492312 e 20210601153 | C47: Canteiro de obras contratadas | D47: PROJETO EXECUTIVO DO SISTEMA DE PROTEÇÃO CONTRA DESCARGAS ATMOSFÉRICAS (SPDA)
A48: K19-204-FER-DE-044 | B48: MG20210511031 | C48: Laboratório | D48: PROJETO EXECUTIVO DO SISTEMA DE PROTEÇÃO CONTRA DESCARGAS ATMOSFÉRICAS (SPDA) | E48: LABORATÓRIO | F48: PLANTA BAIXA, COBERTURA, CORTES A-A' E B-B' | G48: 0 | H48: 0 | I48: 44287
A49: K19-204-FER-DE-045 | B49: MG20210511059 | C49: Container RH | D49: PROJETO EXECUTIVO DO SISTEMA DE PROTEÇÃO CONTRA DESCARGAS ATMOSFÉRICAS (SPDA) | E49: CONTAINER RH | F49: PLANTA BAIXA, COBERTURA, CORTES A-A' E B-B' | G49: 0 | H49: 0 | I49: 44317
A50: K19-204-FER-DE-046 | B50: MG20210427353 | C50: Tenda Pátio Container Contratadas | D50: PROJETO EXECUTIVO DO SISTEMA DE PROTEÇÃO CONTRA DESCARGAS ATMOSFÉRICAS (SPDA) | E50: TENDA CONTRATADAS | F50: PLANTA BAIXA, COBERTURA, CORTES A-A', B-B' E C-C' COM VOLUME PROTEGIDO | G50: 0 | H50: 0 | I50: 44348
A51: K19-204-FER-DE-047 | B51: MG20210369334 | C51: Novo Peneiramento | D51: PROJETO EXECUTIVO DO SISTEMA DE PROTEÇÃO CONTRA DESCARGAS ATMOSFÉRICAS (SPDA) | E51: NOVO PENEIRAMENTO | F51: PLANTA BAIXA, COBERTURA, CORTES A-A', B-B' E C-C' COM VOLUME PROTEGIDO | G51: 0 | H51: 0 | I51: 44378
A52: K19-204-FER-DE-048 | B52: MG20210511177 | C52: Captação Josino - Bombas | D52: PROJETO EXECUTIVO DO SISTEMA DE PROTEÇÃO CONTRA DESCARGAS ATMOSFÉRICAS (SPDA) | E52: Captação Josino - Bombas | F52: PLANTA BAIXA, COBERTURA, CORTES A-A', B-B' E C-C' COM VOLUME PROTEGIDO | G52: 0 | H52: 0 | I52: 44378
A53: K19-204-FER-DE-049 | B53: MG20210511192 | C53: Planta Geração GMG | D53: PROJETO EXECUTIVO DO SISTEMA DE PROTEÇÃO CONTRA DESCARGAS ATMOSFÉRICAS (SPDA) | E53: PLANTA GERAÇÃO GMG | F53: PLANTA BAIXA, COBERTURA, CORTES A-A', B-B' E C-C' COM VOLUME PROTEGIDO | G53: 0 | H53: 0 | I53: 44378
A54: K19-204-FER-DE-050 | B54: 20210599743 | C54: Guarita Patio de Sucatas | D54: PROJETO EXECUTIVO DO SISTEMA DE PROTEÇÃO CONTRA DESCARGAS ATMOSFÉRICAS (SPDA) | E54: GUARITA PÁTIO DE SUCATAS | F54: PLANTA BAIXA, COBERTURA, CORTES A-A', B-B' E C-C' COM VOLUME PROTEGIDO | G54: 0 | H54: 0 | I54: 44440
A55: K19-204-FER-DE-051 | B55: 20210599755 | C55: Poço de Captação Pires | D55: PROJETO EXECUTIVO DO SISTEMA DE PROTEÇÃO CONTRA DESCARGAS ATMOSFÉRICAS (SPDA) | E55: POÇO DE CAPTAÇÃO PIRES | F55: PLANTA BAIXA, COBERTURA, CORTES A-A', B-B' E C-C' COM VOLUME PROTEGIDO | G55: 0 | H55: 0 | I55: 44456
A56: K19-204-FER-DE-052 | B56: 20210602988 | C56: Canteiro de Obras das Torres | D56: PROJETO EXECUTIVO DO SISTEMA DE PROTEÇÃO CONTRA DESCARGAS ATMOSFÉRICAS (SPDA)
A57: K19-204-FER-DE-053 | B57: MG20210768456 | C57: Nova Balança Rodoviária | D57: PROJETO EXECUTIVO DO SISTEMA DE PROTEÇÃO CONTRA DESCARGAS ATMOSFÉRICAS (SPDA) | E57: NOVA BALANÇA RODOVIÁRIA | F57: PLANTA BAIXA E CORTE A-A' | G57: 1 | H57: 0 | I57: 44533
A58: K19-204-FER-DE-054 | C58: Escritório PCM do OEM | D58: PROJETO EXECUTIVO DO SISTEMA DE PROTEÇÃO CONTRA DESCARGAS ATMOSFÉRICAS (SPDA) | E58: ESCRITÓRIO PCM DO OEM | F58: PLANTA BAIXA, COBERTURA, CORTES A-A', B-B' E C-C' COM VOLUME PROTEGIDO | G58: 1 | H58: 0 | I58: 44533
A59: K19-204-FER-DE-055 | C59: Contêiner Peneira 1 | D59: PROJETO EXECUTIVO DO SISTEMA DE PROTEÇÃO CONTRA DESCARGAS ATMOSFÉRICAS (SPDA) | E59: CONTEINER PENEIRA 1 | F59: PLANTA BAIXA, COBERTURA, CORTES A-A' E B-B' COM VOLUME PROTEGIDO | G59: 1 | H59: 0 | I59: 44564
A60: K19-204-FER-DE-056 | B60: MG20220907789 | C60: Contêiner Elétrica | D60: PROJETO EXECUTIVO DO SISTEMA DE PROTEÇÃO CONTRA DESCARGAS ATMOSFÉRICAS (SPDA) | E60: CONTEINER ELÉTRICA | F60: PLANTA BAIXA, COBERTURA, CORTES A-A' E B-B' COM VOLUME PROTEGIDO | G60: 1 | H60: 0 | I60: 44564
A61: K19-204-FER-DE-057 | B61: MG20220908158 | C61: Lavador de Rodas | D61: PROJETO EXECUTIVO DO SISTEMA DE PROTEÇÃO CONTRA DESCARGAS ATMOSFÉRICAS (SPDA)
A62: K19-204-FER-DE-058 | B62: MG20220908184 | C62: Contêiner Ferramentaria PCM ITM | D62: PROJETO EXECUTIVO DO SISTEMA DE PROTEÇÃO CONTRA DESCARGAS ATMOSFÉRICAS (SPDA) | E62: CONTEINER FERRAMENTARIA PCM ITM | F62: PLANTA BAIXA, COBERTURA, CORTES A-A' E B-B' COM VOLUME PROTEGIDO | G62: 1 | H62: 0 | I62: 44593
A63: K19-204-FER-DE-059 | C63: Contêiner PM-05 | D63: PROJETO EXECUTIVO DO SISTEMA DE PROTEÇÃO CONTRA DESCARGAS ATMOSFÉRICAS (SPDA) | E63: CONTEINER PM-05 | F63: PLANTA BAIXA, COBERTURA, CORTES A-A' E B-B' COM VOLUME PROTEGIDO | G63: 1 | H63: 0 | I63: 44621
A64: K19-204-FER-DE-060 | C64: Torre de Telecomunicações TI/Meio Ambiente | D64: PROJETO EXECUTIVO DO SISTEMA DE PROTEÇÃO CONTRA DESCARGAS ATMOSFÉRICAS (SPDA) | E64: TORRE DE TELECOMUNICACAO | F64: PLANTA BAIXA, COBERTURA, CORTE A-A' COM VOLUME PROTEGIDO | G64: 1 | H64: 0 | I64: 44621
A65: K19-204-FER-DE-061 | C65: Novas Tendas da Oficina de Equipamentos moveis | D65: PROJETO EXECUTIVO DO SISTEMA DE PROTEÇÃO CONTRA DESCARGAS ATMOSFÉRICAS (SPDA) | E65: NOVAS TENDAS OEM | F65: PLANTA BAIXA, COBERTURA, CORTE A-A' COM VOLUME PROTEGIDO | G65: 1 | H65: 0 | I65: 44621
A66: K19-204-FER-DE-062 | C66: Oficina PM-04 | D66: PROJETO EXECUTIVO DO SISTEMA DE PROTEÇÃO CONTRA DESCARGAS ATMOSFÉRICAS (SPDA) | E66: OFICINA PM-04 | F66: PLANTA BAIXA, COBERTURA, CORTES A-A' E B-B' COM VOLUME PROTEGIDO | G66: 1 | H66: 0 | I66: 44621
A67: K19-204-FER-DE-063 | C67: Filtragem de Prensa | D67: PROJETO EXECUTIVO DO SISTEMA DE PROTEÇÃO CONTRA DESCARGAS ATMOSFÉRICAS (SPDA) | E67: ELETROCENTRO FILTRAGEM DE PRENSA | F67: PLANTA BAIXA, COBERTURA, CORTES A-A' E B-B' COM VOLUME PROTEGIDO | G67: 1 | H67: 0 | I67: 44805
A68: K19-204-FER-DE-064 | C68: Torre de Radar | D68: PROJETO EXECUTIVO DO SISTEMA DE PROTEÇÃO CONTRA DESCARGAS ATMOSFÉRICAS (SPDA) | E68: TORRE DE RADAR | F68: PLANTA BAIXA, COBERTURA, CORTES A-A' E B-B' COM VOLUME PROTEGIDO | G68: 1 | H68: 0 | I68: 44743
A69: K19-204-FER-DE-065 | C69: Galpão de Ácido Nitrico e Tanques Agitadores | D69: PROJETO EXECUTIVO DO SISTEMA DE PROTEÇÃO CONTRA DESCARGAS ATMOSFÉRICAS (SPDA) | E69: GALPÃO DE ÁCIDO NÍTRICO E TANQUES AGITADORES | F69: PLANTA BAIXA, COBERTURA, CORTES A-A' E B-B' COM VOLUME PROTEGIDO | G69: 1 | H69: 0 | I69: 44927
A70: K19-204-FER-DE-066 | C70: Área de vivência ED Pavimentações | D70: PROJETO EXECUTIVO DO SISTEMA DE PROTEÇÃO CONTRA DESCARGAS ATMOSFÉRICAS (SPDA) | E70: ÁREA DE VIVÊNCIA ED PAVIMENTAÇÕES | F70: PLANTA BAIXA, COBERTURA, CORTES A-A' E B-B' COM VOLUME PROTEGIDO | G70: 1 | H70: 0 | I70: 44682
A71: K19-204-FER-DE-067 | C71: Classificação / Nova Moagem | D71: PROJETO EXECUTIVO DO SISTEMA DE PROTEÇÃO CONTRA DESCARGAS ATMOSFÉRICAS (SPDA) | E71: CENTRO DE TREINAMENTOS | F71: PLANTA BAIXA, COBERTURA, CORTES A-A' E B-B' COM VOLUME PROTEGIDO | G71: 0 | H71: 0 | I71: 44774
A72: K19-204-FER-DE-068 | C72: Eletrocentro Bombeamento de Água | D72: PROJETO EXECUTIVO DO SISTEMA DE PROTEÇÃO CONTRA DESCARGAS ATMOSFÉRICAS (SPDA) | F72: PLANTA BAIXA, COBERTURA, CORTES A-A' E B-B' COM VOLUME PROTEGIDO | G72: 0 | H72: 0 | I72: 44774
A73: K19-204-FER-DE-069 | C73: Centro de Treinamentos | D73: PROJETO EXECUTIVO DO SISTEMA DE PROTEÇÃO CONTRA DESCARGAS ATMOSFÉRICAS (SPDA)
A74: K19-204-FER-DE-070 | C74: Novo Almoxarifado | D74: PROJETO EXECUTIVO DO SISTEMA DE PROTEÇÃO CONTRA DESCARGAS ATMOSFÉRICAS (SPDA)
A75: K19-204-FER-DE-071 | C75: Casa de Máquinas e Torre de Resfriamento | D75: PROJETO EXECUTIVO DO SISTEMA DE PROTEÇÃO CONTRA DESCARGAS ATMOSFÉRICAS (SPDA) | E75: CASA DE MÁQUINAS E TORRE DE RESFRIAMENTO | F75: PLANTA BAIXA, COBERTURA, CORTES A-A' E B-B' COM VOLUME PROTEGIDO | G75: 0 | H75: 0
A76: K19-204-FER-DE-072 | C76: Contêiner Guarita Logistica Estacionamento | D76: PROJETO EXECUTIVO DO SISTEMA DE PROTEÇÃO CONTRA DESCARGAS ATMOSFÉRICAS (SPDA)
A77: K19-204-FER-DE-073 | B77: MG20231837984 | C77: Contêineres do Peneiramento Móvel | D77: PROJETO EXECUTIVO DO SISTEMA DE PROTEÇÃO CONTRA DESCARGAS ATMOSFÉRICAS (SPDA) | E77: CONTÊINERES DO PENEIRAMENTO MÓVEL
A78: K19-204-FER-DE-074 | C78: Escritório, Vestiários e Quiosque | D78: PROJETO EXECUTIVO DO SISTEMA DE PROTEÇÃO CONTRA DESCARGAS ATMOSFÉRICAS (SPDA) | E78: ESCRITÓRIO, VESTIÁRIOS E QUIOSQUE | F78: PLANTA BAIXA, COBERTURA, CORTES A-A' B-B' C-C' E D-D' COM VOLUME PROTEGIDO | G78: 0 | H78: 0 | I78: 44835
A79: K19-204-FER-DE-075 | C79: Escritório Administrativo 2 | D79: PROJETO EXECUTIVO DO SISTEMA DE PROTEÇÃO CONTRA DESCARGAS ATMOSFÉRICAS (SPDA) | E79: ESCRITÓRIO ADMINISTRATIVO 2 | F79: PLANTA BAIXA, COBERTURA, CORTES A-A' E B-B' COM VOLUME PROTEGIDO | G79: 0 | H79: 0 | I79: 44835
A80: K19-204-FER-DE-076 | C80: Logística | D80: PROJETO EXECUTIVO DO SISTEMA DE PROTEÇÃO CONTRA DESCARGAS ATMOSFÉRICAS (SPDA) | E80: LOGÍSTICA | F80: PLANTA BAIXA, COBERTURA, CORTES A-A' E B-B' COM VOLUME PROTEGIDO | G80: 0 | H80: 0 | I80: 44835
A81: K19-204-FER-DE-077 | C81: Portaria 1 | D81: PROJETO EXECUTIVO DO SISTEMA DE PROTEÇÃO CONTRA DESCARGAS ATMOSFÉRICAS (SPDA) | E81: PORTARIA 1 | F81: PLANTA BAIXA, COBERTURA, CORTES A-A' E B-B' COM VOLUME PROTEGIDO | G81: 0 | H81: 0 | I81: 44835
A82: K19-204-FER-DE-078 | C82: Contêiner Logística Portaria | D82: PROJETO EXECUTIVO DO SISTEMA DE PROTEÇÃO CONTRA DESCARGAS ATMOSFÉRICAS (SPDA) | E82: CONTÊINER LOGÍSTICA PORTARIA | F82: PLANTA BAIXA, COBERTURA, CORTES A-A' E B-B' COM VOLUME PROTEGIDO | G82: 0 | H82: 0 | I82: 44835
A83: K19-204-FER-DE-079 | C83: Poço Artesiano 3 | D83: PROJETO EXECUTIVO DO SISTEMA DE PROTEÇÃO CONTRA DESCARGAS ATMOSFÉRICAS (SPDA) | E83: POÇO ARTESIANO 3 | F83: PLANTA BAIXA, COBERTURA, CORTES A-A' E B-B' COM VOLUME PROTEGIDO | G83: 0 | H83: 0 | I83: 44835
A84: K19-204-FER-DE-080 | C84: Poço Artesiano 2 | D84: PROJETO EXECUTIVO DO SISTEMA DE PROTEÇÃO CONTRA DESCARGAS ATMOSFÉRICAS (SPDA) | E84: POÇO ARTESIANO 2 | F84: PLANTA BAIXA, COBERTURA, CORTES A-A' E B-B' COM VOLUME PROTEGIDO | G84: 0 | H84: 0 | I84: 44835
A85: K19-204-FER-DE-081 | C85: Balança de Caminhão Traçado | D85: PROJETO EXECUTIVO DO SISTEMA DE PROTEÇÃO CONTRA DESCARGAS ATMOSFÉRICAS (SPDA) | E85: BALANÇA DE CAMINHÃO TRAÇADO | F85: PLANTA BAIXA, COBERTURA, CORTES A-A' E B-B' COM VOLUME PROTEGIDO | G85: 0 | H85: 0 | I85: 44958
A86: K19-204-FER-DE-082 | C86: Container Guarita SESMT | D86: PROJETO EXECUTIVO DO SISTEMA DE PROTEÇÃO CONTRA DESCARGAS ATMOSFÉRICAS (SPDA) | E86: CONTEINER GUARITA SESMT | F86: PLANTA BAIXA, COBERTURA, CORTES A-A' E B-B' COM VOLUME PROTEGIDO | G86: 0 | H86: 0 | I86: 44958
A87: K19-204-FER-DE-083 | C87: Canteiro Contratadas da Nova Britagem | D87: PROJETO EXECUTIVO DO SISTEMA DE PROTEÇÃO CONTRA DESCARGAS ATMOSFÉRICAS (SPDA) | E87: CANTEIRO CONTRATADAS DA NOVA BRITAGEM | F87: PLANTA BAIXA, COBERTURA, CORTES A-A' E B-B' COM VOLUME PROTEGIDO | G87: 0 | H87: 0 | I87: 44986
A88: K19-204-FER-DE-084 | C88: Pátio de Armação VMF | D88: PROJETO EXECUTIVO DO SISTEMA DE PROTEÇÃO CONTRA DESCARGAS ATMOSFÉRICAS (SPDA) | E88: PÁTIO DE ARMAÇÃO VMF | F88: PLANTA BAIXA, COBERTURA, CORTES A-A' E B-B' COM VOLUME PROTEGIDO | G88: 0 | H88: 0 | I88: 45047
A89: K19-204-FER-DE-085 | C89: Contêiner do Pátio de Equipamentos | D89: PROJETO EXECUTIVO DO SISTEMA DE PROTEÇÃO CONTRA DESCARGAS ATMOSFÉRICAS (SPDA) | E89: CONTEINER DO PÁTIO DE EQUIPAMENTOS | F89: PLANTA BAIXA, COBERTURA, CORTES A-A' E B-B' COM VOLUME PROTEGIDO | G89: 0 | H89: 0 | I89: 45139
A90: K19-204-FER-DE-086 | C90: Guarita Implementação de Projetos | D90: PROJETO EXECUTIVO DO SISTEMA DE PROTEÇÃO CONTRA DESCARGAS ATMOSFÉRICAS (SPDA) | E90: GUARITA IMPLEMENTAÇÃO DE PROJETOS | F90: PLANTA BAIXA, COBERTURA, CORTES A-A' E B-B' COM VOLUME PROTEGIDO | G90: 0 | H90: 0
A91: K19-204-FER-DE-087 | C91: Tenda da Moagem | D91: PROJETO EXECUTIVO DO SISTEMA DE PROTEÇÃO CONTRA DESCARGAS ATMOSFÉRICAS (SPDA) | E91: TENDA DA MOAGEM | F91: PLANTA BAIXA, COBERTURA, CORTES A-A' E B-B' COM VOLUME PROTEGIDO | G91: 0 | H91: 0
A92: K19-204-FER-DE-088 | C92: Torre de Telecomunicação Nascente | D92: PROJETO EXECUTIVO DO SISTEMA DE PROTEÇÃO CONTRA DESCARGAS ATMOSFÉRICAS (SPDA) | E92: TORRE DE TELECOMUNICAÇÃO NASCENTE | F92: PLANTA BAIXA, COBERTURA, CORTES A-A' E B-B' COM VOLUME PROTEGIDO | G92: 0 | H92: 0
C93: Platô Administrativo | D93: PROJETO EXECUTIVO DO SISTEMA DE PROTEÇÃO CONTRA DESCARGAS ATMOSFÉRICAS (SPDA) | E93: PLATO ADMINISTRATIVO | F93: PLANTA BAIXA, COBERTURA, CORTES A-A' E B-B' COM VOLUME PROTEGIDO | G93: 0 | H93: 0 | I93: 45474

Sheet MDs
C1: Ferro+ - Ferro+ Mineração S.A
C2: CONTRATO: 089/2026 - Empresa: MSI Engenharia e Tecnologia LTDA
A3: Número | B3: ART | C3: Descrição da Área | E3: Título 2 | F3: Título 4 | G3: Título 5 | H3: Título 6 | I3: Revisão | J3: Data de Emissão | K3: Número MSI | L3: Número J.Mendes
A4: K19-204-FER-MD-001 | B4: 6140344 | C4: Planta Moinho de Rolos | D4: PROJETO EXECUTIVO | E4: FERRO+ MINERAÇÃO S.A | F4: PLANTA MOINHO DE ROLOS | G4: SPDA / ATERRAMENTO | H4: MEMORIAL DESCRITIVO DO PROJETO DE SPDA | I4: 0 | J4: 44075
A5: K19-204-FER-MD-002 | C5: Container Gestão de Contratos | D5: PROJETO EXECUTIVO | E5: FERRO+ MINERAÇÃO S.A | F5: CONTAINER GESTÃO DE CONTRATOS | G5: SPDA / ATERRAMENTO | H5: MEMORIAL DESCRITIVO DO PROJETO DE SPDA | I5: 0 | J5: 44075
A6: K19-204-FER-MD-003 | C6: Container RH Portaria | D6: PROJETO EXECUTIVO | E6: FERRO+ MINERAÇÃO S.A | F6: CONTAINER RH PORTARIA | G6: SPDA / ATERRAMENTO | H6: MEMORIAL DESCRITIVO DO PROJETO DE SPDA | I6: 0 | J6: 44075
A7: K19-204-FER-MD-004 | C7: Container RH Restaurante | D7: PROJETO EXECUTIVO | E7: FERRO+ MINERAÇÃO S.A | F7: CONTAINER RH RESTAURANTE | G7: SPDA / ATERRAMENTO | H7: MEMORIAL DESCRITIVO DO PROJETO DE SPDA | I7: 0 | J7: 44075
A8: K19-204-FER-MD-005 | C8: Container Fiscal Portaria | D8: PROJETO EXECUTIVO | E8: FERRO+ MINERAÇÃO S.A | F8: CONTAINER FISCAL PORTARIA | G8: SPDA / ATERRAMENTO | H8: MEMORIAL DESCRITIVO DO PROJETO DE SPDA | I8: 0 | J8: 44075
A9: K19-204-FER-MD-006 | C9: Container da Parada de Segurança | D9: PROJETO EXECUTIVO | E9: FERRO+ MINERAÇÃO S.A | F9: CONTAINER DA PARADA DE SEGURANÇA | G9: SPDA / ATERRAMENTO | H9: MEMORIAL DESCRITIVO DO PROJETO DE SPDA | I9: 0 | J9: 44075
A10: K19-204-FER-MD-007 | C10: Container Geotecnia | D10: PROJETO EXECUTIVO | E10: FERRO+ MINERAÇÃO S.A | F10: CONTAINER GEOTECNIA | G10: SPDA / ATERRAMENTO | H10: MEMORIAL DESCRITIVO DO PROJETO DE SPDA | I10: 0 | J10: 44075
A11: K19-204-FER-MD-008 | C11: Containers próximo a Planta Piloto ITM | D11: PROJETO EXECUTIVO | E11: FERRO+ MINERAÇÃO S.A | F11: CONTAINERS PRÓXIMO A PLANTA PILOTO ITM | G11: SPDA / ATERRAMENTO | H11: MEMORIAL DESCRITIVO DO PROJETO DE SPDA | I11: 0 | J11: 44075
A12: K19-204-FER-MD-009 | C12: Escritório Geologia/Geotecnia | D12: PROJETO EXECUTIVO | E12: FERRO+ MINERAÇÃO S.A | F12: ESCRITÓRIO GEOLOGIA/GEOTECNIA | G12: SPDA / ATERRAMENTO | H12: MEMORIAL DESCRITIVO DO PROJETO DE SPDA | I12: 0 | J12: 44075
A13: K19-204-FER-MD-010 | C13: Oficina Caldeiraria | D13: PROJETO EXECUTIVO | E13: FERRO+ MINERAÇÃO S.A | F13: OFICINA CALDEIRARIA | G13: SPDA / ATERRAMENTO | H13: MEMORIAL DESCRITIVO DO PROJETO DE SPDA | I13: 0 | J13: 44075
A14: K19-204-FER-MD-011 | C14: Tanque Ácido Filtragem | D14: PROJETO EXECUTIVO | E14: FERRO+ MINERAÇÃO S.A | F14: TANQUE ÁCIDO FILTRAGEM | G14: SPDA / ATERRAMENTO | H14: MEMORIAL DESCRITIVO DO PROJETO DE SPDA | I14: 0 | J14: 44075
A15: K19-204-FER-MD-012 | C15: Peneira Estática Mina | D15: PROJETO EXECUTIVO | E15: FERRO+ MINERAÇÃO S.A | F15: PENEIRA ESTÁTICA MINA | G15: SPDA / ATERRAMENTO | H15: MEMORIAL DESCRITIVO DO PROJETO DE SPDA | I15: 0 | J15: 44075
A16: K19-204-FER-MD-013 | C16: Área de Containers Contratadas | D16: PROJETO EXECUTIVO | E16: FERRO+ MINERAÇÃO S.A | F16: ÁREA DE CONTAINERS CONTRATADAS | G16: SPDA / ATERRAMENTO | H16: MEMORIAL DESCRITIVO DO PROJETO DE SPDA | I16: 0 | J16: 44075
... A23: K19-204-FER-MD-020 | C23: Ponto de Ônibus | D23: PROJETO EXECUTIVO | E23: FERRO+ MINERAÇÃO S.A | F23: PONTO DE ÔNIBUS | G23: SPDA / ATERRAMENTO | H23: MEMORIAL DESCRITIVO DO PROJETO DE SPDA | I23: 0 | J23: 44075
A24: K19-204-FER-MD-021 | B24: MG20210510755 | C24: Rebritagens 1 e 2, Espirais e SE 138kV/CCM | D24: PROJETO EXECUTIVO | E24: FERRO+ MINERAÇÃO S.A | F24: REBRITAGENS 1 E 2, ESPIRAIS E SE 138KV/CCM | G24: SPDA / ATERRAMENTO | H24: MEMORIAL DESCRITIVO DO PROJETO DE SPDA | I24: 0 | J24: 44136
A25: K19-204-FER-MD-022 | C25: Separador Magnético, Floculantes e Espessadores | D25: PROJETO EXECUTIVO | E25: FERRO+ MINERAÇÃO S.A | F25: SEPARADOR MAGNÉTICO, FLOCULANTES E ESPESSADORES | G25: SPDA / ATERRAMENTO | H25: MEMORIAL DESCRITIVO DO PROJETO DE SPDA | I25: 0 | J25: 44136
A26: K19-204-FER-MD-023 | B26: MG20210510899 | C26: Britagem | D26: PROJETO EXECUTIVO | E26: FERRO+ MINERAÇÃO S.A | F26: BRITAGEM | G26: SPDA / ATERRAMENTO | H26: MEMORIAL DESCRITIVO DO PROJETO DE SPDA | I26: 0 | J26: 44136
A27: K19-204-FER-MD-024 | C27: Filtragem Cerâmica de Concentrado | D27: PROJETO EXECUTIVO | E27: FERRO+ MINERAÇÃO S.A | F27: FILTRAGEM CERÂMICA DE CONCENTRADO | G27: SPDA / ATERRAMENTO | H27: MEMORIAL DESCRITIVO DO PROJETO DE SPDA | I27: 0 | J27: 44136
A28: K19-204-FER-MD-025 | C28: Planta Piloto ITM | D28: PROJETO EXECUTIVO | E28: FERRO+ MINERAÇÃO S.A | F28: PLANTA PILOTO ITM | G28: SPDA / ATERRAMENTO | H28: MEMORIAL DESCRITIVO DO PROJETO DE SPDA | I28: 0 | J28: 44136
A29: K19-204-FER-MD-026 | C29: Fábrica de Placas e Container Meio Ambiente | D29: PROJETO EXECUTIVO | E29: FERRO+ MINERAÇÃO S.A | F29: FÁBRICA DE PLACAS E CONTAINER MEIO AMBIENTE | G29: SPDA / ATERRAMENTO | H29: MEMORIAL DESCRITIVO DO PROJETO DE SPDA | I29: 0 | J29: 44136
A30: K19-204-FER-MD-027 | C30: Portaria 2 | D30: PROJETO EXECUTIVO | E30: FERRO+ MINERAÇÃO S.A | F30: PORTARIA 2 | G30: SPDA / ATERRAMENTO | H30: MEMORIAL DESCRITIVO DO PROJETO DE SPDA | I30: 0 | J30: 44136
A31: K19-204-FER-MD-028 | C31: Poço Artesiano | D31: PROJETO EXECUTIVO | E31: FERRO+ MINERAÇÃO S.A | F31: POÇO ARTESIANO | G31: SPDA / ATERRAMENTO | H31: MEMORIAL DESCRITIVO DO PROJETO DE SPDA | I31: 0 | J31: 44136
A32: K19-204-FER-MD-029 | C32: Apanhador de Água do Poço 3 | D32: PROJETO EXECUTIVO | E32: FERRO+ MINERAÇÃO S.A | F32: APANHADOR DE ÁGUA DO POÇO 3 | G32: SPDA / ATERRAMENTO | H32: MEMORIAL DESCRITIVO DO PROJETO DE SPDA | I32: 0 | J32: 44136
A33: K19-204-FER-MD-030 | C33: Smartmine e Operação Mina | D33: PROJETO EXECUTIVO | E33: FERRO+ MINERAÇÃO S.A | F33: SMARTMINE E OPERAÇÃO MINA | G33: SPDA / ATERRAMENTO | H33: MEMORIAL DESCRITIVO DO PROJETO DE SPDA | I33: 0 | J33: 44136
A34: K19-204-FER-MD-031 | C34: Tenda Almoxarifado | D34: PROJETO EXECUTIVO | E34: FERRO+ MINERAÇÃO S.A | F34: TENDA ALMOXARIFADO | G34: SPDA / ATERRAMENTO | H34: MEMORIAL DESCRITIVO DO PROJETO DE SPDA | I34: 0 | J34: 44136
A35: K19-204-FER-MD-032 | C35: Oficina de Equipamentos | D35: PROJETO EXECUTIVO | E35: FERRO+ MINERAÇÃO S.A | F35: OFICINA DE EQUIPAMENTOS | G35: SPDA / ATERRAMENTO | H35: MEMORIAL DESCRITIVO DO PROJETO DE SPDA | I35: 0 | J35: 44136
A36: K19-204-FER-MD-033 | C36: Posto de Combustível | D36: PROJETO EXECUTIVO | E36: FERRO+ MINERAÇÃO S.A | F36: POSTO DE COMBUSTÍVEL | G36: SPDA / ATERRAMENTO | H36: MEMORIAL DESCRITIVO DO PROJETO DE SPDA | I36: 0 | J36: 44136
A37: K19-204-FER-MD-034 | C37: Depósito de Resíduos | D37: PROJETO EXECUTIVO | E37: FERRO+ MINERAÇÃO S.A | F37: DEPÓSITO DE RESÍDUOS | G37: SPDA / ATERRAMENTO | H37: MEMORIAL DESCRITIVO DO PROJETO DE SPDA | I37: 0 | J37: 44136
A38: K19-204-FER-MD-035 | C38: Depósito de Produtos Químicos | D38: PROJETO EXECUTIVO | E38: FERRO+ MINERAÇÃO S.A | F38: DEPÓSITO DE PRODUTOS QUÍMICOS | G38: SPDA / ATERRAMENTO | H38: MEMORIAL DESCRITIVO DO PROJETO DE SPDA | I38: 1 | J38: 44136
A39: K19-204-FER-MD-036 | B39: 20210369268 | C39: Peneiras Cava Sul | D39: PROJETO EXECUTIVO | E39: FERRO+ MINERAÇÃO S.A | F39: PENEIRAS CAVA SUL | G39: SPDA / ATERRAMENTO | H39: MEMORIAL DESCRITIVO DO PROJETO DE SPDA | I39: 0 | J39: 44136
A40: K19-204-FER-MD-037 | B40: MG202101427181 | C40: Nova ETE Oficina | D40: PROJETO EXECUTIVO | E40: FERRO+ MINERAÇÃO S.A | F40: NOVA ETE OFICINA | G40: SPDA / ATERRAMENTO | H40: MEMORIAL DESCRITIVO DO PROJETO DE SPDA | I40: 0 | J40: 44136
A41: K19-204-FER-MD-038 | B41: MG20210510720 | C41: Nova ETE Principal | D41: PROJETO EXECUTIVO | E41: FERRO+ MINERAÇÃO S.A | F41: NOVA ETE PRINCIPAL | G41: SPDA / ATERRAMENTO | H41: MEMORIAL DESCRITIVO DO PROJETO DE SPDA | I41: 0 | J41: 44136
A42: K19-204-FER-MD-039 | B42: MG20210510928 | C42: Novo DIR (Depósito Intermediário de Resíduos) | D42: PROJETO EXECUTIVO | E42: FERRO+ MINERAÇÃO S.A | F42: NOVO DIR (DEPÓSITO INTERMEDIÁRIO DE RESÍDUOS) | G42: SPDA / ATERRAMENTO | H42: MEMORIAL DESCRITIVO DO PROJETO DE SPDA | I42: 0 | J42: 44136
A43: K19-204-FER-MD-040 | B43: MG202101427221 | C43: Canteiro de Obras Contratadas VMF | D43: PROJETO EXECUTIVO | E43: FERRO+ MINERAÇÃO S.A | F43: CANTEIRO DE OBRAS CONTRATADAS VMF | G43: SPDA / ATERRAMENTO | H43: MEMORIAL DESCRITIVO DO PROJETO DE SPDA | I43: 0 | J43: 44166
A44: K19-204-FER-MD-041 | B44: MG20210510983 | C44: Mirante | D44: PROJETO EXECUTIVO | E44: FERRO+ MINERAÇÃO S.A | F44: MIRANTE | G44: SPDA / ATERRAMENTO | H44: MEMORIAL DESCRITIVO DO PROJETO DE SPDA | I44: 0 | J44: 44197
A45: K19-204-FER-MD-042 | B45: MG202101427245 | C45: Container Recepção da Portaria | D45: PROJETO EXECUTIVO | E45: FERRO+ MINERAÇÃO S.A | F45: CONTAINER RECEPÇÃO PORTARIA | G45: SPDA / ATERRAMENTO | H45: MEMORIAL DESCRITIVO DO PROJETO DE SPDA | I45: 0 | J45: 44287
A46: K19-204-FER-MD-043 | B46: 6492312 | C46: Patio Contratadas | D46: PROJETO EXECUTIVO | E46: FERRO+ MINERAÇÃO S.A | F46: PATIO CONTRATADAS | G46: SPDA / ATERRAMENTO | H46: MEMORIAL DESCRITIVO DO PROJETO DE SPDA | I46: 0 | J46: 44896
A47: K19-204-FER-MD-044 | B47: MG20210511031 | C47: Laboratório | D47: PROJETO EXECUTIVO | E47: FERRO+ MINERAÇÃO S.A | F47: PLANTA BAIXA, COBERTURA, CORTES A-A' E B-B' | G47: SPDA / ATERRAMENTO | H47: MEMORIAL DESCRITIVO DO PROJETO DE SPDA | I47: 0 | J47: 44287
A48: K19-204-FER-MD-045 | B48: MG20210511059 | C48: Conteineres RH | D48: PROJETO EXECUTIVO | E48: FERRO+ MINERAÇÃO S.A | F48: PLANTA BAIXA, COBERTURA, CORTES A-A' E B-B' | G48: SPDA / ATERRAMENTO | H48: ANÁLISE DE RISCO DO PROJETO DE SPDA | I48: 0 | J48: 44317
A49: K19-204-FER-MD-046 | B49: MG202101427353 | C49: Tenda Pátio Container Contratadas | D49: PROJETO EXECUTIVO | E49: FERRO+ MINERAÇÃO S.A | F49: PLANTA BAIXA, COBERTURA, CORTES A-A', B-B' E C-C' COM VOLUME PROTEGIDO | G49: SPDA / ATERRAMENTO | H49: ANÁLISE DE RISCO DO PROJETO DE SPDA | I49: 0 | J49: 44348
A50: K19-204-FER-MD-047 | B50: MG20210369334 | C50: Novo Peneiramento | D50: PROJETO EXECUTIVO | E50: FERRO+ MINERAÇÃO S.A | F50: NOVO PENEIRAMENTO | G50: SPDA / ATERRAMENTO | H50: MEMORIAL DESCRITIVO DO PROJETO DE SPDA | I50: 0
A51: K19-204-FER-MD-048 | B51: MG20210511177 | C51: Captação Josino - Bombas | D51: PROJETO EXECUTIVO | E51: FERRO+ MINERAÇÃO S.A | G51: SPDA / ATERRAMENTO | H51: MEMORIAL DESCRITIVO DO PROJETO DE SPDA | I51: 0 | J51: 44866
A52: K19-204-FER-MD-049 | B52: MG20210511192 | C52: Planta Geração GMG | D52: PROJETO EXECUTIVO | E52: FERRO+ MINERAÇÃO S.A | F52: PLANTA GERAÇÃO | G52: SPDA / ATERRAMENTO | H52: MEMORIAL DESCRITIVO DO PROJETO DE SPDA | I52: 0 | J52: 44409
A53: K19-204-FER-MD-050 | B53: 20210599743 | C53: Guarita Patio de Sucatas | D53: PROJETO EXECUTIVO | E53: FERRO+ MINERAÇÃO S.A | F53: GUARITA PATIO DE SUCATAS | G53: SPDA / ATERRAMENTO | H53: MEMORIAL DESCRITIVO DO PROJETO DE SPDA | I53: 0 | J53: 44409
A54: K19-204-FER-MD-051 | B54: 20210599755 | C54: Poco de Captacao Pires | D54: PROJETO EXECUTIVO | E54: FERRO+ MINERAÇÃO S.A | F54: POCO DE CAPTACAO PIRES | G54: SPDA / ATERRAMENTO | H54: MEMORIAL DESCRITIVO DO PROJETO DE SPDA | I54: 0 | J54: 44455
A55: K19-204-FER-MD-052 | B55: 20210602988 | C55: Canteiro de Obras das Torres | D55: PROJETO EXECUTIVO | E55: FERRO+ MINERAÇÃO S.A | F55: CANTEIRO DE OBRAS DAS TORRES | G55: SPDA / ATERRAMENTO | H55: MEMORIAL DESCRITIVO DO PROJETO DE SPDA | I55: 0
A56: K19-204-FER-MD-053 | B56: MG20210768456 | C56: Nova Balança Rodoviária | D56: PROJETO EXECUTIVO | E56: FERRO+ MINERAÇÃO S.A | F56: NOVA BALANÇA RODOVIÁRIA | G56: SPDA / ATERRAMENTO | H56: MEMORIAL DESCRITIVO DO PROJETO DE SPDA | I56: 0 | J56: 44533
A57: K19-204-FER-MD-054 | C57: Escritório PCM do OEM | D57: PROJETO EXECUTIVO | E57: FERRO+ MINERAÇÃO S.A | F57: ESCRITÓRIO PCM DO OEM | G57: SPDA / ATERRAMENTO | H57: MEMORIAL DESCRITIVO DO PROJETO DE SPDA | I57: 0 | J57: 44533
A58: K19-204-FER-MD-055 | C58: Conteiner Peneira 1 | D58: PROJETO EXECUTIVO | E58: FERRO+ MINERAÇÃO S.A | F58: CONTEINER PENEIRA 1 | G58: SPDA / ATERRAMENTO | H58: MEMORIAL DESCRITIVO DO PROJETO DE SPDA | I58: 0 | J58: 44564
A59: K19-204-FER-MD-056 | B59: MG20220907789 | C59: Conteiner Elétrica | D59: PROJETO EXECUTIVO | E59: FERRO+ MINERAÇÃO S.A | F59: CONTEINER ELÉTRICA | G59: SPDA / ATERRAMENTO | H59: MEMORIAL DESCRITIVO DO PROJETO DE SPDA | I59: 0 | J59: 44564
A60: K19-204-FER-MD-057 | B60: MG20220908158 | C60: Lavador de rodas | D60: PROJETO EXECUTIVO | E60: FERRO+ MINERAÇÃO S.A | F60: LAVADOR DE RODAS | G60: SPDA / ATERRAMENTO | H60: MEMORIAL DESCRITIVO DO PROJETO DE SPDA | I60: 0 | J60: 44595
A61: K19-204-FER-MD-058 | B61: MG20220908184 | C61: Contêiner Ferramentaria PCM ITM | D61: PROJETO EXECUTIVO | E61: FERRO+ MINERAÇÃO S.A | F61: CONTEINER FERRAMENTARIA PCM ITM | G61: SPDA / ATERRAMENTO | H61: MEMORIAL DESCRITIVO DO PROJETO DE SPDA | I61: 0 | J61: 44593
A62: K19-204-FER-MD-059 | C62: Contêiner PM-05 | D62: PROJETO EXECUTIVO | E62: FERRO+ MINERAÇÃO S.A | F62: CONTEINER PM-05 | G62: SPDA / ATERRAMENTO | H62: MEMORIAL DESCRITIVO DO PROJETO DE SPDA | I62: 0 | J62: 44621
A63: K19-204-FER-MD-060 | C63: Torre de Telecomunicações TI/Meio Ambiente | D63: PROJETO EXECUTIVO | E63: FERRO+ MINERAÇÃO S.A | F63: TORRE DE TELECOMUNICACAO | G63: SPDA / ATERRAMENTO | H63: MEMORIAL DESCRITIVO DO PROJETO DE SPDA | I63: 0 | J63: 44621
A64: K19-204-FER-MD-061 | C64: Novas Tendas da Oficina de Equipamentos moveis | D64: PROJETO EXECUTIVO | E64: FERRO+ MINERAÇÃO S.A | F64: NOVAS TENDAS OEM | G64: SPDA / ATERRAMENTO | H64: MEMORIAL DESCRITIVO DO PROJETO DE SPDA | I64: 0 | J64: 44621
A65: K19-204-FER-MD-062 | C65: Oficina PM-04 | D65: PROJETO EXECUTIVO | E65: FERRO+ MINERAÇÃO S.A | F65: OFICINA PM-04 | G65: SPDA / ATERRAMENTO | H65: MEMORIAL DESCRITIVO DO PROJETO DE SPDA | I65: 0 | J65: 44621
A66: K19-204-FER-MD-063 | C66: Área de vivência ED Pavimentações | D66: PROJETO EXECUTIVO | E66: FERRO+ MINERAÇÃO S.A | F66: ÁREA DE VIVÊNCIA ED PAVIMENTAÇÕES | G66: SPDA / ATERRAMENTO | H66: MEMORIAL DESCRITIVO DO PROJETO DE SPDA | I66: 0 | J66: 44621
A67: K19-204-FER-MD-064 | C67: Eletrocentro Bombas de água | D67: PROJETO EXECUTIVO | E67: FERRO+ MINERAÇÃO S.A | F67: ELETROCENTRO BOMBAS DE ÁGUA | G67: SPDA / ATERRAMENTO | H67: MEMORIAL DESCRITIVO DO PROJETO DE SPDA | I67: 0 | J67: 44774
A68: K19-204-FER-MD-065 | C68: Centro de Treinamentos | D68: PROJETO EXECUTIVO | E68: FERRO+ MINERAÇÃO S.A | F68: CENTRO DE TREINAMENTOS | G68: SPDA / ATERRAMENTO | H68: MEMORIAL DESCRITIVO DO PROJETO DE SPDA | I68: 0 | J68: 44774
A69: K19-204-FER-MD-066 | C69: Contêineres do Peneiramento Móvel | D69: PROJETO EXECUTIVO | E69: FERRO+ MINERAÇÃO S.A | F69: CONTEINERES DO PENEIRAMENTO MÓVEL
A70: K19-204-FER-MD-067 | C70: Eletrocentro Filtragem de Prensa | D70: PROJETO EXECUTIVO | E70: FERRO+ MINERAÇÃO S.A | F70: ELETROCENTRO FILTRAGEM DE PRENSA | G70: SPDA / ATERRAMENTO | H70: MEMORIAL DESCRITIVO DO PROJETO DE SPDA | I70: 0 | J70: 44805
A71: K19-204-FER-MD-068 | C71: Contêiner Manuteção Mecânica ITM | D71: PROJETO EXECUTIVO | E71: FERRO+ MINERAÇÃO S.A | F71: CONTEINER MANUTENÇÃO MECANICA ITM | G71: SPDA / ATERRAMENTO | H71: MEMORIAL DESCRITIVO DO PROJETO DE SPDA | I71: 0 | J71: 44835
A72: K19-204-FER-MD-069 | C72: Casa de Máquinas e Torre de Resfriamento | D72: PROJETO EXECUTIVO | E72: FERRO+ MINERAÇÃO S.A | F72: CASA DE MÁQUINAS E TORRE DE RESFRIAMENTO | G72: SPDA / ATERRAMENTO | H72: MEMORIAL DESCRITIVO DO PROJETO DE SPDA | I72: 0 | J72: 45047
A73: K19-204-FER-MD-070 | C73: Torre de Radar | D73: PROJETO EXECUTIVO | E73: FERRO+ MINERAÇÃO S.A | F73: TORRE DE RADAR | G73: SPDA / ATERRAMENTO | H73: MEMORIAL DESCRITIVO DO PROJETO DE SPDA | I73: 0 | J73: 44713
A74: K19-204-FER-MD-071 | C74: Novo Almoxarifado | D74: PROJETO EXECUTIVO | E74: FERRO+ MINERAÇÃO S.A | F74: NOVO ALMOXARIFADO | G74: SPDA / ATERRAMENTO | H74: MEMORIAL DESCRITIVO DO PROJETO DE SPDA | I74: 0 | J74: 44866
A75: K19-204-FER-MD-072 | C75: Poço Artesiano de Trabalho 3 | D75: PROJETO EXECUTIVO | E75: FERRO+ MINERAÇÃO S.A | F75: POÇO ARTESIANO DE TRABALHO 3 | G75: SPDA / ATERRAMENTO | H75: MEMORIAL DESCRITIVO DO PROJETO DE SPDA
A76: K19-204-FER-MD-073 | C76: Contêiner Logística Portaria | D76: PROJETO EXECUTIVO | E76: FERRO+ MINERAÇÃO S.A | F76: CONTEINER LOGISTICA PORTARIA | G76: SPDA / ATERRAMENTO | H76: MEMORIAL DESCRITIVO DO PROJETO DE SPDA | I76: 0 | J76: 44835
A77: K19-204-FER-MD-074 | C77: Balança de Caminhão Traçado | D77: PROJETO EXECUTIVO | E77: FERRO+ MINERAÇÃO S.A | F77: BALANÇA DE CAMINHÃO TRAÇADO | G77: SPDA / ATERRAMENTO | H77: MEMORIAL DESCRITIVO DO PROJETO DE SPDA
A78: K19-204-FER-MD-075 | C78: Portaria Leste | D78: PROJETO EXECUTIVO | E78: FERRO+ MINERAÇÃO S.A | F78: PORTARIA LESTE | G78: SPDA / ATERRAMENTO | H78: MEMORIAL DESCRITIVO DO PROJETO DE SPDA | I78: 0 | J78: 44958
A79: K19-204-FER-MD-076 | C79: Canteiro Contratadas da Nova Britagem | D79: PROJETO EXECUTIVO | E79: FERRO+ MINERAÇÃO S.A | F79: CANTEIRO CONTRATADAS DA NOVA BRITAGEM | G79: SPDA / ATERRAMENTO | H79: MEMORIAL DESCRITIVO DO PROJETO DE SPDA | I79: 0 | J79: 44958
A80: K19-204-FER-MD-077 | C80: Pátio de Armação VMF | D80: PROJETO EXECUTIVO | E80: FERRO+ MINERAÇÃO S.A | F80: PÁTIO DE ARMAÇÃO VMF | G80: SPDA / ATERRAMENTO | H80: MEMORIAL DESCRITIVO DO PROJETO DE SPDA | I80: 0 | J80: 45047
A81: K19-204-FER-MD-078 | C81: Contêineres Adm | D81: PROJETO EXECUTIVO | E81: FERRO+ MINERAÇÃO S.A | F81: CONTEINERES ADM | G81: SPDA / ATERRAMENTO | H81: MEMORIAL DESCRITIVO DO PROJETO DE SPDA | I81: 0 | J81: 45078
A82: K19-204-FER-MD-079 | C82: Contêiner do Pátio de Equipamentos | D82: PROJETO EXECUTIVO | E82: FERRO+ MINERAÇÃO S.A | F82: CONTEINER DO PÁTIO DE EQUIPAMENTOS | G82: SPDA / ATERRAMENTO | H82: MEMORIAL DESCRITIVO DO PROJETO DE SPDA | I82: 0 | J82: 45139
A83: K19-204-FER-MD-080 | C83: Ponto de Ônibus ITM | D83: PROJETO EXECUTIVO | E83: FERRO+ MINERAÇÃO S.A | F83: PONTO DE ÔNIBUS ITM | G83: SPDA / ATERRAMENTO | H83: MEMORIAL DESCRITIVO DO PROJETO DE SPDA | I83: 0 | J83: 45139
A84: K19-204-FER-MD-081 | C84: Guarita Implementação de Projetos | D84: PROJETO EXECUTIVO | E84: FERRO+ MINERAÇÃO S.A | F84: GUARITA IMPLEMENTAÇÃO DE PROJETOS | G84: SPDA / ATERRAMENTO | H84: MEMORIAL DESCRITIVO DO PROJETO DE SPDA | I84: 0 | J84: 45139
A85: K19-204-FER-MD-082 | C85: Tenda da Moagem | D85: PROJETO EXECUTIVO | E85: FERRO+ MINERAÇÃO S.A | F85: TENDA DA MOAGEM | G85: SPDA / ATERRAMENTO | H85: MEMORIAL DESCRITIVO DO PROJETO DE SPDA | I85: 0 | J85: 45139
A86: K19-204-FER-MD-083 | C86: Torre de Telecomunicação Nascente | D86: PROJETO EXECUTIVO | E86: FERRO+ MINERAÇÃO S.A | F86: TORRE DE TELECOMUNICAÇÃO NASCENTE | G86: SPDA / ATERRAMENTO | H86: MEMORIAL DESCRITIVO DO PROJETO DE SPDA | I86: 0 | J86: 45139
A87: K19-204-FER-MD-084 | C87: Platô Administrativo | D87: PROJETO EXECUTIVO | E87: FERRO+ MINERAÇÃO S.A | F87: PLATO ADMINISTRATIVO | G87: SPDA / ATERRAMENTO | H87: MEMORIAL DESCRITIVO DO PROJETO DE SPDA | I87: 1 | J87: 45495

Sheet LMs
C1: Ferro+ - Ferro+ Mineração S.A
C2: CONTRATO: 089/2026 - Empresa: MSI Engenharia e Tecnologia LTDA
A3: Número | B3: Obs.: | C3: Descrição da Área | D3: Título 1 | E3: Título 2 | F3: Título 4 | G3: Título 5 | H3: Título 6 | I3: Revisão | J3: Data de Emissão | K3: Número MSI | L3: Número J.Mendes
A4: K19-204-FER-LM-001 | B4: 6140344 | C4: Planta Moinho de Rolos | D4: PROJETO EXECUTIVO | E4: FERRO+ MINERAÇÃO S.A | F4: PLANTA MOINHO DE ROLOS | G4: SPDA / ATERRAMENTO | H4: LISTA DE MATERIAIS DO PROJETO DE SPDA | I4: 0 | J4: 44075
A5: K19-204-FER-LM-002 | C5: Container Gestão de Contratos | D5: PROJETO EXECUTIVO | E5: FERRO+ MINERAÇÃO S.A | F5: CONTAINER GESTÃO DE CONTRATOS | G5: SPDA / ATERRAMENTO | H5: LISTA DE MATERIAIS DO PROJETO DE SPDA | I5: 0 | J5: 44075
A6: K19-204-FER-LM-003 | C6: Container RH Portaria | D6: PROJETO EXECUTIVO | E6: FERRO+ MINERAÇÃO S.A | F6: CONTAINER RH PORTARIA | G6: SPDA / ATERRAMENTO | H6: LISTA DE MATERIAIS DO PROJETO DE SPDA | I6: 0 | J6: 44075
A7: K19-204-FER-LM-004 | C7: Container RH Restaurante | D7: PROJETO EXECUTIVO | E7: FERRO+ MINERAÇÃO S.A | F7: CONTAINER RH RESTAURANTE | G7: SPDA / ATERRAMENTO | H7: LISTA DE MATERIAIS DO PROJETO DE SPDA | I7: 0 | J7: 44075
A8: K19-204-FER-LM-005 | C8: Container Fiscal Portaria | D8: PROJETO EXECUTIVO | E8: FERRO+ MINERAÇÃO S.A | F8: CONTAINER FISCAL PORTARIA | G8: SPDA / ATERRAMENTO | H8: LISTA DE MATERIAIS DO PROJETO DE SPDA | I8: 0 | J8: 44075
A9: K19-204-FER-LM-006 | C9: Container da Parada de Segurança | D9: PROJETO EXECUTIVO | E9: FERRO+ MINERAÇÃO S.A | F9: CONTAINER DA PARADA DE SEGURANÇA | G9: SPDA / ATERRAMENTO | H9: LISTA DE MATERIAIS DO PROJETO DE SPDA | I9: 0 | J9: 44075
A10: K19-204-FER-LM-007 | C10: Container da Geotecnica | D10: PROJETO EXECUTIVO | E10: FERRO+ MINERAÇÃO S.A | F10: CONTAINER DA GEOTECNICA | G10: SPDA / ATERRAMENTO | H10: LISTA DE MATERIAIS DO PROJETO DE SPDA | I10: 0 | J10: 44075
A11: K19-204-FER-LM-008 | C11: Containers Próximo a Planta Piloto | D11: PROJETO EXECUTIVO | E11: FERRO+ MINERAÇÃO S.A | F11: CONTAINERS PRÓXIMO A PLANTA PILOTO | G11: SPDA / ATERRAMENTO | H11: LISTA DE MATERIAIS DO PROJETO DE SPDA | I11: 0 | J11: 44075
A12: K19-204-FER-LM-009 | C12: Escritório - Geologia/Geologia | D12: PROJETO EXECUTIVO | E12: FERRO+ MINERAÇÃO S.A | F12: ESCRITÓRIO GEOLOGIA/GEOLOGIA | G12: SPDA / ATERRAMENTO | H12: LISTA DE MATERIAIS DO PROJETO DE SPDA | I12: 0 | J12: 44075
A13: K19-204-FER-LM-010 | C13: Oficina Caldeiraria | D13: PROJETO EXECUTIVO | E13: FERRO+ MINERAÇÃO S.A | F13: OFICINA CALDEIRARIA | G13: SPDA / ATERRAMENTO | H13: LISTA DE MATERIAIS DO PROJETO DE SPDA | I13: 0 | J13: 44075
A14: K19-204-FER-LM-011 | C14: Tanque Ácido Filtragem | D14: PROJETO EXECUTIVO | E14: FERRO+ MINERAÇÃO S.A | F14: TANQUE ÁCIDO FILTRAGEM | G14: SPDA / ATERRAMENTO | H14: LISTA DE MATERIAIS DO PROJETO DE SPDA | I14: 0 | J14: 44075
A15: K19-204-FER-LM-012 | C15: Peneira Estática Mina | D15: PROJETO EXECUTIVO | E15: FERRO+ MINERAÇÃO S.A | F15: PENEIRA ESTÁTICA MINA | G15: SPDA / ATERRAMENTO | H15: LISTA DE MATERIAIS DO PROJETO DE SPDA | I15: 0 | J15: 44075
A16: K19-204-FER-LM-013 | C16: Área de Canteiros de Obras | D16: PROJETO EXECUTIVO | E16: FERRO+ MINERAÇÃO S.A | F16: ÁREA DE CANTEIROS DE OBRAS | G16: SPDA / ATERRAMENTO | H16: LISTA DE MATERIAIS DO PROJETO DE SPDA | I16: 0 | J16: 44075
... A23: K19-204-FER-LM-020 | C23: Ponto de Ônibus ITM | D23: PROJETO EXECUTIVO | E23: FERRO+ MINERAÇÃO S.A | F23: PONTO DE ÔNIBUS ITM | G23: SPDA / ATERRAMENTO | H23: LISTA DE MATERIAIS DO PROJETO DE SPDA | I23: 0 | J23: 44075
A24: K19-204-FER-LM-021 | B24: MG20210510755 | C24: Classificação, Rebritagens 1 e 2, Espirais e Subestação 138KV - CCM | D24: PROJETO EXECUTIVO | E24: FERRO+ MINERAÇÃO S.A | F24: CLASSIFICAÇÃO, REBRITAGENS 1 E 2, ESPIRAIS E SUBESTAÇÃO 138KV - CCM | G24: SPDA / ATERRAMENTO | H24: LISTA DE MATERIAIS DO PROJETO DE SPDA | I24: 1 | J24: 44136
A25: K19-204-FER-LM-022 | C25: Separador Magnético, Floculantes e Espessadores | D25: PROJETO EXECUTIVO | E25: FERRO+ MINERAÇÃO S.A | F25: SEPARADOR MAGNÉTICO, FLOCULANTES E ESPESSADORES | G25: SPDA / ATERRAMENTO | H25: LISTA DE MATERIAIS DO PROJETO DE SPDA | I25: 1 | J25: 44136
A26: K19-204-FER-LM-023 | B26: MG20210510899 | C26: Britagem | D26: PROJETO EXECUTIVO | E26: FERRO+ MINERAÇÃO S.A | F26: BRITAGEM | G26: SPDA / ATERRAMENTO | H26: LISTA DE MATERIAIS DO PROJETO DE SPDA | I26: 1 | J26: 44136
A27: K19-204-FER-LM-024 | C27: Filtragem Cerâmica de Concentrado | D27: PROJETO EXECUTIVO | E27: FERRO+ MINERAÇÃO S.A | F27: FILTRAGEM CERÂMICA DE CONCENTRADO | G27: SPDA / ATERRAMENTO | H27: LISTA DE MATERIAIS DO PROJETO DE SPDA | I27: 1 | J27: 44136
A28: K19-204-FER-LM-025 | C28: Planta Piloto ITM | D28: PROJETO EXECUTIVO | E28: FERRO+ MINERAÇÃO S.A | F28: PLANTA PILOTO ITM | G28: SPDA / ATERRAMENTO | H28: LISTA DE MATERIAIS DO PROJETO DE SPDA | I28: 1 | J28: 44136
A29: K19-204-FER-LM-026 | C29: Fábrica de Placas e Container Meio Ambiente | D29: PROJETO EXECUTIVO | E29: FERRO+ MINERAÇÃO S.A | F29: FÁBRICA DE PLACAS E CONTAINER MEIO AMBIENTE | G29: SPDA / ATERRAMENTO | H29: LISTA DE MATERIAIS DO PROJETO DE SPDA | I29: 1 | J29: 44136
A30: K19-204-FER-LM-027 | C30: Portaria 2 | D30: PROJETO EXECUTIVO | E30: FERRO+ MINERAÇÃO S.A | F30: PORTARIA 2 | G30: SPDA / ATERRAMENTO | H30: LISTA DE MATERIAIS DO PROJETO DE SPDA | I30: 0 | J30: 44136
A31: K19-204-FER-LM-028 | C31: Poço Artesiano 1 | D31: PROJETO EXECUTIVO | E31: FERRO+ MINERAÇÃO S.A | F31: POÇO ARTESIANO 1 | G31: SPDA / ATERRAMENTO | H31: LISTA DE MATERIAIS DO PROJETO DE SPDA | I31: 0 | J31: 44136
A32: K19-204-FER-LM-029 | C32: Apanhador de Água do Poço 3 | D32: PROJETO EXECUTIVO | E32: FERRO+ MINERAÇÃO S.A | F32: APANHADOR DE ÁGUA DO POÇO 3 | G32: SPDA / ATERRAMENTO | H32: LISTA DE MATERIAIS DO PROJETO DE SPDA | I32: 0 | J32: 44136
A33: K19-204-FER-LM-030 | C33: Smartmine e Operação Mina | D33: PROJETO EXECUTIVO | E33: FERRO+ MINERAÇÃO S.A | F33: SMARTMINE E OPERAÇÃO MINA | G33: SPDA / ATERRAMENTO | H33: LISTA DE MATERIAIS DO PROJETO DE SPDA | I33: 0 | J33: 44136
A34: K19-204-FER-LM-031 | C34: Tenda Almoxarifado | D34: PROJETO EXECUTIVO | E34: FERRO+ MINERAÇÃO S.A | F34: TENDA ALMOXARIFADO | G34: SPDA / ATERRAMENTO | H34: LISTA DE MATERIAIS DO PROJETO DE SPDA | I34: 0 | J34: 44136
A35: K19-204-FER-LM-032 | C35: Oficina de Equipamentos | D35: PROJETO EXECUTIVO | E35: FERRO+ MINERAÇÃO S.A | F35: OFICINA DE EQUIPAMENTOS | G35: SPDA / ATERRAMENTO | H35: LISTA DE MATERIAIS DO PROJETO DE SPDA | I35: 1 | J35: 44136
A36: K19-204-FER-LM-033 | C36: Posto de Combustível | D36: PROJETO EXECUTIVO | E36: FERRO+ MINERAÇÃO S.A | F36: POSTO DE COMBUSTÍVEL | G36: SPDA / ATERRAMENTO | H36: LISTA DE MATERIAIS DO PROJETO DE SPDA | I36: 1 | J36: 44136
A37: K19-204-FER-LM-034 | C37: Depósito de Resíduos | D37: PROJETO EXECUTIVO | E37: FERRO+ MINERAÇÃO S.A | F37: DEPÓSITO DE RESÍDUOS | G37: SPDA / ATERRAMENTO | H37: LISTA DE MATERIAIS DO PROJETO DE SPDA | I37: 0 | J37: 44136
A38: K19-204-FER-LM-035 | C38: Depósito de Produtos Químicos | D38: PROJETO EXECUTIVO | E38: FERRO+ MINERAÇÃO S.A | F38: DEPÓSITO DE PRODUTOS QUÍMICOS | G38: SPDA / ATERRAMENTO | H38: LISTA DE MATERIAIS DO PROJETO DE SPDA | I38: 1 | J38: 44136
A39: K19-204-FER-LM-036 | B39: 20210369268 | C39: Peneiras Cava Sul | D39: PROJETO EXECUTIVO | E39: FERRO+ MINERAÇÃO S.A | F39: PENEIRAS CAVA SUL | G39: SPDA / ATERRAMENTO | H39: LISTA DE MATERIAIS DO PROJETO DE SPDA | I39: 1 | J39: 44136
A40: K19-204-FER-LM-037 | B40: MG202101427181 | C40: Nova ETE Oficina | D40: PROJETO EXECUTIVO | E40: FERRO+ MINERAÇÃO S.A
A41: K19-204-FER-LM-038 | B41: MG20210510720 | C41: Nova ETE Principal | D41: PROJETO EXECUTIVO | E41: FERRO+ MINERAÇÃO S.A | F41: NOVA ETE PRINCIPAL | G41: SPDA / ATERRAMENTO | H41: LISTA DE MATERIAIS DO PROJETO DE SPDA | I41: 0 | J41: 44136
A42: K19-204-FER-LM-039 | B42: MG20210510928 | C42: Novo DIR (Depósito Intermediário de Resíduos) | D42: PROJETO EXECUTIVO | E42: FERRO+ MINERAÇÃO S.A | F42: NOVO DIR (DEPÓSITO INTERMEDIÁRIO DE RESÍDUOS) | G42: SPDA / ATERRAMENTO | H42: LISTA DE MATERIAIS DO PROJETO DE SPDA | I42: 0 | J42: 44136
A43: K19-204-FER-LM-040 | B43: MG202101427221 | C43: Canteiro de Obra Contratadas VMF | D43: PROJETO EXECUTIVO | E43: FERRO+ MINERAÇÃO S.A | F43: CANTEIRO DE OBRAS CONTRATADAS VMF | G43: SPDA / ATERRAMENTO | H43: LISTA DE MATERIAIS DO PROJETO DE SPDA | I43: 0 | J43: 44166
A44: K19-204-FER-LM-041 | B44: MG20210510983 | C44: Mirante | D44: PROJETO EXECUTIVO | E44: FERRO+ MINERAÇÃO S.A | F44: MIRANTE | G44: SPDA / ATERRAMENTO | H44: LISTA DE MATERIAIS DO PROJETO DE SPDA | I44: 0 | J44: 44197
A45: K19-204-FER-LM-042 | B45: MG202101427245 | C45: Container Recepção da Portaria | D45: PROJETO EXECUTIVO | E45: FERRO+ MINERAÇÃO S.A | F45: CONTAINER RECEPÇÃO DA PORTARIA | G45: SPDA / ATERRAMENTO | H45: LISTA DE MATERIAIS DO PROJETO DE SPDA | I45: 0
A46: K19-204-FER-LM-043 | B46: 6492312 | C46: Pátio Contratadas | D46: PROJETO EXECUTIVO | E46: FERRO+ MINERAÇÃO S.A | F46: PÁTIO CONTRATADAS | G46: SPDA / ATERRAMENTO | H46: LISTA DE MATERIAIS DO PROJETO DE SPDA | I46: 0 | J46: 44409
A47: K19-204-FER-LM-044 | B47: MG20210511031 | C47: Laboratório | D47: PROJETO EXECUTIVO | E47: FERRO+ MINERAÇÃO S.A | F47: LABORATÓRIO | G47: SPDA / ATERRAMENTO | H47: LISTA DE MATERIAIS DO PROJETO DE SPDA | J47: 44317
A48: K19-204-FER-LM-045 | B48: MG20210511059 | C48: Conteineres RH | D48: PROJETO EXECUTIVO | E48: FERRO+ MINERAÇÃO S.A | F48: CONTEINERES RH | G48: SPDA / ATERRAMENTO | H48: LISTA DE MATERIAIS DO PROJETO DE SPDA | I48: 0 | J48: 44317
A49: K19-204-FER-LM-046 | B49: MG202101427353 | C49: Tenda Pátio Container Contratadas | D49: PROJETO EXECUTIVO | E49: FERRO+ MINERAÇÃO S.A | F49: TENDA CONTRATADAS | G49: SPDA / ATERRAMENTO | H49: LISTA DE MATERIAIS DO PROJETO DE SPDA | I49: 0 | J49: 44317
A50: K19-204-FER-LM-047 | B50: MG20210369334 | C50: Novo Peneiramento | D50: PROJETO EXECUTIVO | E50: FERRO+ MINERAÇÃO S.A | F50: NOVO PENEIRAMENTO | G50: SPDA / ATERRAMENTO | H50: LISTA DE MATERIAIS DO PROJETO DE SPDA
A51: K19-204-FER-LM-048 | B51: MG20210511177 | C51: Captação Josino - Bombas | D51: PROJETO EXECUTIVO | E51: FERRO+ MINERAÇÃO S.A | F51: CAPTAÇÃO JOSINO -BOMBAS | G51: SPDA / ATERRAMENTO | H51: LISTA DE MATERIAIS DO PROJETO DE SPDA
A52: K19-204-FER-LM-049 | B52: MG20210511192 | C52: Planta Geração GMG | D52: PROJETO EXECUTIVO | E52: FERRO+ MINERAÇÃO S.A | F52: PLANTA GERAÇÃO GMG | G52: SPDA / ATERRAMENTO | H52: LISTA DE MATERIAIS DO PROJETO DE SPDA | J52: 44317
A53: K19-204-FER-LM-050 | B53: 20210599743 | C53: Guarita Pátio Sucatas | D53: PROJETO EXECUTIVO | E53: FERRO+ MINERAÇÃO S.A | F53: GUARITA PÁTIO SUCATAS | G53: SPDA / ATERRAMENTO | H53: LISTA DE MATERIAIS DO PROJETO DE SPDA | I53: 0 | J53: 44317
A54: K19-204-FER-LM-051 | B54: 20210599755 | C54: Poco de Captacao Pires | D54: PROJETO EXECUTIVO | E54: FERRO+ MINERAÇÃO S.A | F54: POÇO DE CAPTAÇÃO PIRES | G54: SPDA / ATERRAMENTO | H54: LISTA DE MATERIAIS DO PROJETO DE SPDA | I54: 0 | J54: 44456
A55: K19-204-FER-LM-052 | B55: 20210602988 | C55: Canteiro de Obras das Torres | D55: PROJETO EXECUTIVO | E55: FERRO+ MINERAÇÃO S.A
A56: K19-204-FER-LM-053 | B56: MG20210768456 | C56: Nova Balança Rodoviária | D56: PROJETO EXECUTIVO | E56: FERRO+ MINERAÇÃO S.A | F56: NOVA BALANÇA RODOVIÁRIA | G56: SPDA / ATERRAMENTO | H56: LISTA DE MATERIAIS DO PROJETO DE SPDA | I56: 0 | J56: 44533
A57: K19-204-FER-LM-054 | C57: Escritório PCM do OEM | D57: PROJETO EXECUTIVO | E57: FERRO+ MINERAÇÃO S.A | F57: ESCRITÓRIO PCM DO OEM | G57: SPDA / ATERRAMENTO | H57: LISTA DE MATERIAIS DO PROJETO DE SPDA | I57: 0 | J57: 44533
A58: K19-204-FER-LM-055 | C58: Conteiner Peneira1 | D58: PROJETO EXECUTIVO | E58: FERRO+ MINERAÇÃO S.A | F58: CONTEINER PENEIRA 1 | G58: SPDA / ATERRAMENTO | H58: LISTA DE MATERIAIS DO PROJETO DE SPDA | I58: 0 | J58: 44564
A59: K19-204-FER-LM-056 | B59: MG20220907789 | C59: Conteiner Elétrica | D59: PROJETO EXECUTIVO | E59: FERRO+ MINERAÇÃO S.A | F59: CONTEINER ELÉTRICA | G59: SPDA / ATERRAMENTO | H59: LISTA DE MATERIAIS DO PROJETO DE SPDA | I59: 0 | J59: 44564
A60: K19-204-FER-LM-057 | B60: MG20220908158 | C60: Lavador de rodas | D60: PROJETO EXECUTIVO | E60: FERRO+ MINERAÇÃO S.A | F60: LAVADOR DE RODAS | G60: SPDA / ATERRAMENTO | H60: LISTA DE MATERIAIS DO PROJETO DE SPDA | I60: 0 | J60: 44595
A61: K19-204-FER-LM-058 | B61: MG20220908184 | C61: Contêiner Ferramentaria PCM ITM | D61: PROJETO EXECUTIVO | E61: FERRO+ MINERAÇÃO S.A | F61: CONTEINER FERRAMENTARIA PCM ITM | G61: SPDA / ATERRAMENTO | H61: LISTA DE MATERIAIS DO PROJETO DE SPDA | I61: 0 | J61: 44623
A62: K19-204-FER-LM-059 | C62: Contêiner PM-05 | D62: PROJETO EXECUTIVO | E62: FERRO+ MINERAÇÃO S.A | F62: CONTEINER PM-05 | G62: SPDA / ATERRAMENTO | H62: LISTA DE MATERIAIS DO PROJETO DE SPDA | I62: 0 | J62: 44630
A63: K19-204-FER-LM-060 | C63: Torre de Telecomunicações TI/Meio Ambiente | D63: PROJETO EXECUTIVO | E63: FERRO+ MINERAÇÃO S.A | F63: TORRE DE TELECOMUNICACAO | G63: SPDA / ATERRAMENTO | H63: LISTA DE MATERIAIS DO PROJETO DE SPDA | I63: 0 | J63: 44630
A64: K19-204-FER-LM-061 | C64: Novas Tendas da Oficina de Equipamentos moveis | D64: PROJETO EXECUTIVO | E64: FERRO+ MINERAÇÃO S.A | F64: NOVAS TENDAS OEM | G64: SPDA / ATERRAMENTO | H64: LISTA DE MATERIAIS DO PROJETO DE SPDA | I64: 0 | J64: 44630
A65: K19-204-FER-LM-062 | C65: Oficina PM-04 | D65: PROJETO EXECUTIVO | E65: FERRO+ MINERAÇÃO S.A | F65: OFICINA PM-04 | G65: SPDA / ATERRAMENTO | H65: LISTA DE MATERIAIS DO PROJETO DE SPDA | I65: 0 | J65: 44630
A66: K19-204-FER-LM | C66: Geral Grupo 2 - 021 a 036 | D66: PROJETO EXECUTIVO | E66: FERRO+ MINERAÇÃO S.A | F66: GERAL
A67: K19-204-FER-LM | C67: Geral Grupo 2 - 001 a 020 | D67: PROJETO EXECUTIVO | E67: FERRO+ MINERAÇÃO S.A | F67: GERAL
A68: K19-204-FER-LM-063 | C68: Área de vivência ED Pavimentações | D68: PROJETO EXECUTIVO | E68: FERRO+ MINERAÇÃO S.A | F68: ÁREA DE VIVÊNCIA ED PAVIMENTAÇÕES | G68: SPDA / ATERRAMENTO | H68: LISTA DE MATERIAIS DO PROJETO DE SPDA | I68: 0 | J68: 44682
A69: K19-204-FER-LM-064 | C69: Eletrocentro Bombeamento de agua | D69: PROJETO EXECUTIVO | E69: FERRO+ MINERAÇÃO S.A | F69: CENTRO DE TREINAMENTOS | G69: SPDA / ATERRAMENTO | H69: LISTA DE MATERIAIS DO PROJETO DE SPDA | I69: 0 | J69: 44774
A70: K19-204-FER-LM-065 | C70: Centro de Treinamentos | D70: PROJETO EXECUTIVO | E70: FERRO+ MINERAÇÃO S.A | G70: SPDA / ATERRAMENTO | H70: LISTA DE MATERIAIS DO PROJETO DE SPDA | I70: 0 | J70: 44774
A71: K19-204-FER-LM-066 | C71: Contêineres do Peneiramento Móvel | D71: PROJETO EXECUTIVO | E71: FERRO+ MINERAÇÃO S.A | F71: CONTEINERES DO PENEIRAMENTO MÓVEL
A72: K19-204-FER-LM-067 | C72: Eletrocentro Filtragem de Prensa | D72: PROJETO EXECUTIVO | E72: FERRO+ MINERAÇÃO S.A | F72: ELETROCENTRO FILTRAGEM DE PRENSA | G72: SPDA / ATERRAMENTO | H72: LISTA DE MATERIAIS DO PROJETO DE SPDA | I72: 0 | J72: 44805
A73: K19-204-FER-LM-068 | C73: Casa de Máquinas e Torre de Resfriamento | D73: PROJETO EXECUTIVO | E73: FERRO+ MINERAÇÃO S.A | F73: CASA DE MÁQUINAS E TORRE DE RESFRIAMENTO | G73: PROJETO EXECUTIVO | H73: FERRO+ MINERAÇÃO S.A | I73: 0 | J73: 44835
A74: K19-204-FER-LM-069 | C74: Torre de Radar | D74: PROJETO EXECUTIVO | E74: FERRO+ MINERAÇÃO S.A | F74: TORRE DE RADAR | G74: PROJETO EXECUTIVO | H74: FERRO+ MINERAÇÃO S.A | I74: 0
A75: K19-204-FER-LM-070 | C75: Contêiner Manuteção Mecânica ITM | D75: PROJETO EXECUTIVO | E75: FERRO+ MINERAÇÃO S.A | F75: CONTEINER MANUTENÇÃO MECANICA ITM | G75: PROJETO EXECUTIVO | H75: FERRO+ MINERAÇÃO S.A | I75: 0
A76: K19-204-FER-LM-071 | C76: Novo Almoxarifado | D76: PROJETO EXECUTIVO | E76: FERRO+ MINERAÇÃO S.A | F76: NOVO ALMOXARIFADO | G76: PROJETO EXECUTIVO | H76: FERRO+ MINERAÇÃO S.A | I76: 0
A77: K19-204-FER-LM-072 | C77: Poço Artesiano de Trabalho 3 | D77: PROJETO EXECUTIVO | E77: FERRO+ MINERAÇÃO S.A | F77: POÇO ARTESIANO DE TRABALHO 3 | G77: PROJETO EXECUTIVO | H77: FERRO+ MINERAÇÃO S.A | I77: 0
A78: K19-204-FER-LM-073 | C78: Contêiner Logística Portaria | D78: PROJETO EXECUTIVO | E78: FERRO+ MINERAÇÃO S.A | F78: CONTEINER LOGISTICA PORTARIA | G78: PROJETO EXECUTIVO | H78: FERRO+ MINERAÇÃO S.A | I78: 0
A79: K19-204-FER-LM-074 | C79: Balança de Caminhão Traçado | D79: PROJETO EXECUTIVO | E79: FERRO+ MINERAÇÃO S.A | F79: BALANÇA DE CAMINHÃO TRAÇADO | G79: PROJETO EXECUTIVO | H79: FERRO+ MINERAÇÃO S.A | I79: 0
A80: K19-204-FER-LM-075 | C80: Portaria Leste | D80: PROJETO EXECUTIVO | E80: FERRO+ MINERAÇÃO S.A | F80: PORTARIA LESTE | G80: PROJETO EXECUTIVO | H80: FERRO+ MINERAÇÃO S.A | I80: 0
A81: K19-204-FER-LM-076 | C81: Canteiro Contratadas da Nova Britagem | D81: PROJETO EXECUTIVO | E81: FERRO+ MINERAÇÃO S.A | F81: CANTEIRO CONTRATADAS DA NOVA BRITAGEM | G81: PROJETO EXECUTIVO | H81: FERRO+ MINERAÇÃO S.A | I81: 0
A82: K19-204-FER-LM-077 | C82: Pátio de Armação VMF | D82: PROJETO EXECUTIVO | E82: FERRO+ MINERAÇÃO S.A | F82: PÁTIO DE ARMAÇÃO VMF | G82: PROJETO EXECUTIVO | H82: FERRO+ MINERAÇÃO S.A | I82: 0
A83: K19-204-FER-LM-078 | C83: Contêineres Adm | D83: PROJETO EXECUTIVO | E83: FERRO+ MINERAÇÃO S.A | F83: CONTEINERES ADM | G83: PROJETO EXECUTIVO | H83: FERRO+ MINERAÇÃO S.A | I83: 0
A84: K19-204-FER-LM-079 | C84: Contêiner do Pátio de Equipamentos | D84: PROJETO EXECUTIVO | E84: FERRO+ MINERAÇÃO S.A | F84: CONTEINER DO PÁTIO DE EQUIPAMENTOS | G84: PROJETO EXECUTIVO | H84: FERRO+ MINERAÇÃO S.A
A85: K19-204-FER-LM-080 | C85: Ponto de Ônibus ITM | D85: PROJETO EXECUTIVO | E85: FERRO+ MINERAÇÃO S.A | F85: PONTO DE ÔNIBUS ITM | G85: PROJETO EXECUTIVO | H85: FERRO+ MINERAÇÃO S.A
A86: K19-204-FER-LM-081 | C86: Guarita Implementação de Projetos | D86: PROJETO EXECUTIVO | E86: FERRO+ MINERAÇÃO S.A | F86: GUARITA IMPLEMENTAÇÃO DE PROJETOS | G86: PROJETO EXECUTIVO | H86: FERRO+ MINERAÇÃO S.A
A87: K19-204-FER-LM-082 | C87: Tenda da Moagem | D87: PROJETO EXECUTIVO | E87: FERRO+ MINERAÇÃO S.A | F87: TENDA DA MOAGEM | G87: PROJETO EXECUTIVO | H87: FERRO+ MINERAÇÃO S.A
A88: K19-204-FER-LM-083 | C88: Torre de Telecomunicação Nascente | D88: PROJETO EXECUTIVO | E88: FERRO+ MINERAÇÃO S.A | F88: TORRE DE TELECOMUNICAÇÃO NASCENTE | G88: PROJETO EXECUTIVO | H88: FERRO+ MINERAÇÃO S.A
A89: K19-204-FER-LM-084 | C89: Platô Administrativo | D89: PROJETO EXECUTIVO | E89: FERRO+ MINERAÇÃO S.A | F89: PLATO ADMINISTRATIVO | G89: PROJETO EXECUTIVO | H89: FERRO+ MINERAÇÃO S.A | J89: 45495

Sheet MCs
C1: Ferro+ - Ferro+ Mineração S.A
C2: CONTRATO: 089/2026 - Empresa: MSI Engenharia e Tecnologia LTDA
A3: Número | B3: Obs.: | C3: Descrição da Área | D3: Título 1 | E3: Título 2 | F3: Título 3 | G3: Título 4 | H3: Título 5 | I3: Revisão | J3: Data de Emissão | K3: Número MSI | L3: Número J.Mendes
A4: K19-204-FER-MC-001 | C4: Classificação | D4: PROJETO BASICO | E4: FERRO+ MINERAÇÃO S.A | F4: CLASSIFICAÇÃO | G4: SPDA / ATERRAMENTO | H4: ANÁLISE DE RISCO DO PROJETO DE SPDA | I4: 0 | J4: 44136
A5: K19-204-FER-MC-002 | C5: Separação Magnética | D5: PROJETO BASICO | E5: FERRO+ MINERAÇÃO S.A | F5: SEPARAÇÃO MAGNÉTICA | G5: SPDA / ATERRAMENTO | H5: ANÁLISE DE RISCO DO PROJETO DE SPDA | I5: 0 | J5: 44136
A6: K19-204-FER-MC-003 | C6: Britagem | D6: PROJETO BASICO | E6: FERRO+ MINERAÇÃO S.A | F6: BRITAGEM | G6: SPDA / ATERRAMENTO | H6: ANÁLISE DE RISCO DO PROJETO DE SPDA | I6: 0 | J6: 44136
A7: K19-204-FER-MC-004 | C7: Filtragem Cerâmica de Concentrado | D7: PROJETO BASICO | E7: FERRO+ MINERAÇÃO S.A | F7: FILTRAGEM CERÂMICA DE CONCENTRADO | G7: SPDA / ATERRAMENTO | H7: ANÁLISE DE RISCO DO PROJETO DE SPDA | I7: 0 | J7: 44136
A8: K19-204-FER-MC-005 | C8: Filtragem e Eletrocentro Prensa de Rejeito | D8: PROJETO BASICO | E8: FERRO+ MINERAÇÃO S.A | F8: FILTRAGEM E ELETROCENTRO PRENSA DE REJEITO | G8: SPDA / ATERRAMENTO | H8: ANÁLISE DE RISCO DO PROJETO DE SPDA | I8: 0 | J8: 44075
A9: K19-204-FER-MC-006 | C9: Escritório Administrativo 1 | D9: PROJETO BASICO | E9: FERRO+ MINERAÇÃO S.A | F9: ESCRITÓRIO ADMINISTRATIVO 1 | G9: SPDA / ATERRAMENTO | H9: ANÁLISE DE RISCO DO PROJETO DE SPDA | I9: 0 | J9: 44136
A10: K19-204-FER-MC-008 | C10: Geologia/Geotecnia | D10: PROJETO BASICO | E10: FERRO+ MINERAÇÃO S.A | F10: GEOLOGIA / GEOTECNIA | G10: SPDA / ATERRAMENTO | H10: ANÁLISE DE RISCO DO PROJETO DE SPDA | I10: 0 | J10: 44075
A11: K19-204-FER-MC-009 | B11: 6140344 | C11: Planta Moinho de Rolos | D11: PROJETO BASICO | E11: FERRO+ MINERAÇÃO S.A | F11: PLANTA MOINHO DE ROLOS | G11: SPDA / ATERRAMENTO | H11: ANÁLISE DE RISCO DO PROJETO DE SPDA | I11: 0 | J11: 44075
A12: K19-204-FER-MC-010 | C12: Fábrica de Placas e Container Meio Ambiente | D12: PROJETO BASICO | E12: FERRO+ MINERAÇÃO S.A | F12: FÁBRICA DE PLACAS E CONTAINER MEIO AMBIENTE | G12: SPDA / ATERRAMENTO | H12: ANÁLISE DE RISCO DO PROJETO DE SPDA | I12: 0 | J12: 44136
A13: K19-204-FER-MC-011 | C13: Portaria 1 e Lavador de Rodas | D13: PROJETO BASICO | E13: FERRO+ MINERAÇÃO S.A | F13: PORTARIA 1 E LAVADOR DE RODAS | G13: SPDA / ATERRAMENTO | H13: ANÁLISE DE RISCO DO PROJETO DE SPDA | I13: 0 | J13: 44136
A14: K19-204-FER-MC-012 | C14: Portaria 2 | D14: PROJETO BASICO | E14: FERRO+ MINERAÇÃO S.A | F14: PORTARIA 2 | G14: SPDA / ATERRAMENTO | H14: ANÁLISE DE RISCO DO PROJETO DE SPDA | I14: 0 | J14: 44136
A15: K19-204-FER-MC-013 | C15: Contêineres Próximos à Portaria 1 | D15: PROJETO BASICO | E15: FERRO+ MINERAÇÃO S.A | F15: CONTÊINERES PRÓXIMOS À PORTARIA 1 | G15: SPDA / ATERRAMENTO | H15: ANÁLISE DE RISCO DO PROJETO DE SPDA | I15: 0 | J15: 44075
A16: K19-204-FER-MC-014 | C16: Quiosque | D16: PROJETO BASICO | E16: FERRO+ MINERAÇÃO S.A | F16: QUIOSQUE | G16: SPDA / ATERRAMENTO | H16: ANÁLISE DE RISCO DO PROJETO DE SPDA | I16: 0 | J16: 44136
A17: K19-204-FER-MC-015 | C17: Oficina de Equipamentos | D17: PROJETO BASICO | E17: FERRO+ MINERAÇÃO S.A | F17: OFICINA DE EQUIPAMENTOS | G17: SPDA / ATERRAMENTO | H17: ANÁLISE DE RISCO DO PROJETO DE SPDA | I17: 0 | J17: 44075
A18: K19-204-FER-MC-016 | C18: Área de Canteiro de Obras | D18: PROJETO BASICO | E18: FERRO+ MINERAÇÃO S.A | F18: ÁREA DE CANTEIROS DE OBRAS | G18: SPDA / ATERRAMENTO | H18: ANÁLISE DE RISCO DO PROJETO DE SPDA | I18: 0 | J18: 44075
A19: K19-204-FER-MC-018 | C19: Caixas Australianas | D19: PROJETO BASICO | E19: FERRO+ MINERAÇÃO S.A | F19: CAIXAS AUSTRALIANAS | G19: SPDA / ATERRAMENTO | H19: ANÁLISE DE RISCO DO PROJETO DE SPDA | I19: 1 | J19: 44136
A20: K19-204-FER-MC-019 | C20: Logística e TI | D20: PROJETO BASICO | E20: FERRO+ MINERAÇÃO S.A | F20: LOGÍSTICA E TI | G20: SPDA / ATERRAMENTO | H20: ANÁLISE DE RISCO DO PROJETO DE SPDA | I20: 0 | J20: 44136
A21: K19-204-FER-MC-020 | C21: Área da Balança | D21: PROJETO BASICO | E21: FERRO+ MINERAÇÃO S.A | F21: ÁREA DA BALANÇA | G21: SPDA / ATERRAMENTO | H21: ANÁLISE DE RISCO DO PROJETO DE SPDA | I21: 0 | J21: 44136
A22: K19-204-FER-MC-021
A23: K19-204-FER-MC-022 | C23: Pátio de Reutilizaveis | D23: PROJETO BASICO | E23: FERRO+ MINERAÇÃO S.A | F23: PÁTIO DE REUTILIZAVEIS | G23: SPDA / ATERRAMENTO | H23: ANÁLISE DE RISCO DO PROJETO DE SPDA | I23: 0 | J23: 44075
A24: K19-204-FER-MC-023 | C24: Posto de Combustível | D24: PROJETO BASICO | E24: FERRO+ MINERAÇÃO S.A | F24: POSTO DE COMBUSTÍVEL | G24: SPDA / ATERRAMENTO | H24: ANÁLISE DE RISCO DO PROJETO DE SPDA | I24: 0 | J24: 44136
A25: K19-204-FER-MC-024 | C25: Restaurante e Vestiário | D25: PROJETO BASICO | E25: FERRO+ MINERAÇÃO S.A | F25: RESTAURANTE E VESTIÁRIO | G25: SPDA / ATERRAMENTO | H25: ANÁLISE DE RISCO DO PROJETO DE SPDA | I25: 1 | J25: 44136
A26: K19-204-FER-MC-025 | C26: Área das Peneiras da Mina | D26: PROJETO BASICO | E26: FERRO+ MINERAÇÃO S.A | F26: ÁREA DAS PENEIRAS DA MINA | G26: SPDA / ATERRAMENTO | H26: ANÁLISE DE RISCO DO PROJETO DE SPDA | I26: 0 | J26: 44075
A27: K19-204-FER-MC-026 | C27: Ponto de Ônibus | D27: PROJETO BASICO | E27: FERRO+ MINERAÇÃO S.A | F27: PONTO DE ÔNIBUS | G27: SPDA / ATERRAMENTO | H27: ANÁLISE DE RISCO DO PROJETO DE SPDA | I27: 0 | J27: 44075
A28: K19-204-FER-MC-027 | C28: Área de Classificação Próxima ao Meio Ambiente | D28: PROJETO BASICO | E28: FERRO+ MINERAÇÃO S.A | F28: ÁREA DE CLASSIFICAÇÃO PRÓXIMA AO MEIO AMBIENTE | G28: SPDA / ATERRAMENTO | H28: ANÁLISE DE RISCO DO PROJETO DE SPDA | I28: 0 | J28: 44075
A29: K19-204-FER-MC-028 | C29: Parada de Segurança | D29: PROJETO BASICO | E29: FERRO+ MINERAÇÃO S.A | F29: PARADA DE SEGURANÇA | G29: SPDA / ATERRAMENTO | H29: ANÁLISE DE RISCO DO PROJETO DE SPDA | I29: 0 | J29: 44075
A30: K19-204-FER-MC-030 | C30: Almoxarifado e Depósito de Materiais | D30: PROJETO BASICO | E30: FERRO+ MINERAÇÃO S.A | F30: ALMOXARIFADO E DEPÓSITO DE MATERIAIS | G30: SPDA / ATERRAMENTO | H30: ANÁLISE DE RISCO DO PROJETO DE SPDA | I30: 0 | J30: 44136
A31: K19-204-FER-MC-031 | C31: Oficina ITM | D31: PROJETO BASICO | E31: FERRO+ MINERAÇÃO S.A | F31: OFICINA ITM | G31: SPDA / ATERRAMENTO | H31: ANÁLISE DE RISCO DO PROJETO DE SPDA | I31: 0 | J31: 44075
A32: K19-204-FER-MC-032 | C32: Captação Sítio | D32: PROJETO BASICO | E32: FERRO+ MINERAÇÃO S.A | F32: CAPTAÇÃO SÍTIO | G32: SPDA / ATERRAMENTO | H32: ANÁLISE DE RISCO DO PROJETO DE SPDA | I32: 0 | J32: 44136
A33: K19-204-FER-MC-033 | C33: Josino | D33: PROJETO BASICO | E33: FERRO+ MINERAÇÃO S.A | F33: JOSINO | G33: SPDA / ATERRAMENTO | H33: ANÁLISE DE RISCO DO PROJETO DE SPDA | I33: 0 | J33: 44136
A34: K19-204-FER-MC-034 | C34: Smartmine e Container Gestão Contratos | D34: PROJETO BASICO | E34: FERRO+ MINERAÇÃO S.A | F34: SMARTMINE E CONTAINER GESTÃO CONTRATOS | G34: SPDA / ATERRAMENTO | H34: ANÁLISE DE RISCO DO PROJETO DE SPDA | I34: 0 | J34: 44075
A35: K19-204-FER-MC-035 | C35: Laboratório | D35: PROJETO BASICO | E35: FERRO+ MINERAÇÃO S.A | F35: LABORATÓRIO | G35: SPDA / ATERRAMENTO | H35: ANÁLISE DE RISCO DO PROJETO DE SPDA | I35: 0 | J35: 44136
A36: K19-204-FER-MC-036 | B36: 20210369268 | C36: Galpão de Treinamento | D36: PROJETO BASICO | E36: FERRO+ MINERAÇÃO S.A | F36: GALPÃO DE TREINAMENTO | G36: SPDA / ATERRAMENTO | H36: ANÁLISE DE RISCO DO PROJETO DE SPDA | I36: 0 | J36: 44075
A37: K19-204-FER-MC-037 | C37: Planta Piloto ITM | D37: PROJETO BASICO | E37: FERRO+ MINERAÇÃO S.A | F37: PLANTA PILOTO ITM | G37: SPDA / ATERRAMENTO | H37: ANÁLISE DE RISCO DO PROJETO DE SPDA | I37: 0 | J37: 44075
A38: K19-204-FER-MC-038 | C38: Poço Artesiano 1 | D38: PROJETO BASICO | E38: FERRO+ MINERAÇÃO S.A | F38: POÇO ARTESIANO 1 | G38: SPDA / ATERRAMENTO | H38: ANÁLISE DE RISCO DO PROJETO DE SPDA | I38: 0 | J38: 44136
A39: K19-204-FER-MC-039 | C39: Poço Artesiano 2 | D39: PROJETO BASICO | E39: FERRO+ MINERAÇÃO S.A | F39: POÇO ARTESIANO 2 | G39: SPDA / ATERRAMENTO | H39: ANÁLISE DE RISCO DO PROJETO DE SPDA | I39: 0 | J39: 44136
A40: K19-204-FER-MC-040 | C40: Rebritagens 1 e 2 | D40: PROJETO BASICO | E40: FERRO+ MINERAÇÃO S.A | F40: REBRITAGENS 1 E 2 | G40: SPDA / ATERRAMENTO | H40: ANÁLISE DE RISCO DO PROJETO DE SPDA | I40: 0 | J40: 44136
A41: K19-204-FER-MC-041 | C41: Espirais | D41: PROJETO BASICO | E41: FERRO+ MINERAÇÃO S.A | F41: ESPIRAIS | G41: SPDA / ATERRAMENTO | H41: ANÁLISE DE RISCO DO PROJETO DE SPDA | I41: 0 | J41: 44136
A42: K19-204-FER-MC-042 | C42: Floculantes | D42: PROJETO BASICO | E42: FERRO+ MINERAÇÃO S.A | F42: FLOCULANTES | G42: SPDA / ATERRAMENTO | H42: ANÁLISE DE RISCO DO PROJETO DE SPDA | I42: 0 | J42: 44136
A43: K19-204-FER-MC-043 | C43: Espessadores | D43: PROJETO BASICO | E43: FERRO+ MINERAÇÃO S.A | F43: ESPESSADORES | G43: SPDA / ATERRAMENTO | H43: ANÁLISE DE RISCO DO PROJETO DE SPDA | I43: 0 | J43: 44136
A44: K19-204-FER-MC-045 | C44: Subestação 138KV e CCM | D44: PROJETO BASICO | E44: FERRO+ MINERAÇÃO S.A | F44: SUBESTAÇÃO 138KV E CCM | G44: SPDA / ATERRAMENTO | H44: ANÁLISE DE RISCO DO PROJETO DE SPDA | I44: 0 | J44: 44136
A45: K19-204-FER-MC-046 | C45: Sala Equipe Civil | D45: PROJETO BASICO | E45: FERRO+ MINERAÇÃO S.A | G45: SPDA / ATERRAMENTO | H45: ANÁLISE DE RISCO DO PROJETO DE SPDA | I45: 0 | J45: 44136
A46: K19-204-FER-MC-047 | C46: Depósito de Produtos Químicos | D46: PROJETO BASICO | E46: FERRO+ MINERAÇÃO S.A | F46: DEPÓSITO DE PRODUTOS QUÍMICOS | G46: SPDA / ATERRAMENTO | H46: ANÁLISE DE RISCO DO PROJETO DE SPDA | I46: 0 | J46: 44136
A47: K19-204-FER-MC-048 | C47: Depósito de Resíduos | D47: PROJETO BASICO | E47: FERRO+ MINERAÇÃO S.A | F47: DEPÓSITO DE RESÍDUOS | G47: SPDA / ATERRAMENTO | H47: ANÁLISE DE RISCO DO PROJETO DE SPDA | I47: 0 | J47: 44136
A48: K19-204-FER-MC-049 | C48: Galpão Óleo Almoxarifado e SAO | D48: PROJETO BASICO | E48: FERRO+ MINERAÇÃO S.A | F48: GALPÃO ÓLEO ALMOXARIFADO E SAO | G48: SPDA / ATERRAMENTO | H48: ANÁLISE DE RISCO DO PROJETO DE SPDA | I48: 0 | J48: 44136
A49: K19-204-FER-MC-050 | C49: Abrigo Cilindros, Gerador, Trocador Calor - Área Laboratório | D49: PROJETO BASICO | E49: FERRO+ MINERAÇÃO S.A | F49: ABRIGO CILINDROS, GERADOR, TROCADOR CALOR - ÁREA LABORATÓRIO | G49: SPDA / ATERRAMENTO | H49: ANÁLISE DE RISCO DO PROJETO DE SPDA | I49: 0 | J49: 44136
A50: K19-204-FER-MC-051 | C50: Gerador - Peneiras Cava Sul | D50: PROJETO BASICO | E50: FERRO+ MINERAÇÃO S.A | F50: GERADOR - PENEIRAS CAVA SUL | G50: SPDA / ATERRAMENTO | H50: ANÁLISE DE RISCO DO PROJETO DE SPDA | I50: 0 | J50: 44136
A51: K19-204-FER-MC-052 | C51: Container de Apoio - Peneiras Cava Sul | D51: PROJETO BASICO | E51: FERRO+ MINERAÇÃO S.A | F51: CONTAINER DE APOIO - PENEIRAS CAVA SUL | G51: SPDA / ATERRAMENTO | H51: ANÁLISE DE RISCO DO PROJETO DE SPDA | I51: 0 | J51: 44136
A52: K19-204-FER-MC-053 | C52: Duas Peneiras Móveis - Peneiras Cava Sul | D52: PROJETO BASICO | E52: FERRO+ MINERAÇÃO S.A | F52: DUAS PENEIRAS MÓVEIS - PENEIRAS CAVA SUL | G52: SPDA / ATERRAMENTO | H52: ANÁLISE DE RISCO DO PROJETO DE SPDA | I52: 0 | J52: 44136
A53: K19-204-FER-MC-054 | C53: Nova ETE Oficina | D53: PROJETO BASICO | E53: FERRO+ MINERAÇÃO S.A | F53: NOVA ETE OFICINA | G53: SPDA / ATERRAMENTO | H53: ANÁLISE DE RISCO DO PROJETO DE SPDA | I53: 0 | J53: 44136
A54: K19-204-FER-MC-055 | C54: Nova ETE Principal | D54: PROJETO BASICO | E54: FERRO+ MINERAÇÃO S.A | F54: NOVA ETE PRINCIPAL | G54: SPDA / ATERRAMENTO | H54: ANÁLISE DE RISCO DO PROJETO DE SPDA | I54: 0 | J54: 44136
A55: K19-204-FER-MC-056 | C55: Novo DIR | D55: PROJETO BASICO | E55: FERRO+ MINERAÇÃO S.A | F55: NOVO DIR | G55: SPDA / ATERRAMENTO | H55: ANÁLISE DE RISCO DO PROJETO DE SPDA | I55: 0 | J55: 44630
A56: K19-204-FER-MC-057 | C56: Container Gestão de Contratos | D56: PROJETO BASICO | E56: FERRO+ MINERAÇÃO S.A | F56: CONTEINER GESTAO DE CONTRATOS | G56: SPDA / ATERRAMENTO | H56: ANÁLISE DE RISCO DO PROJETO DE SPDA | I56: 0 | J56: 44136
A57: K19-204-FER-MC-058 | C57: Poço Artesiano 3 e Apanhador de Água Poço 3 | D57: PROJETO BASICO | E57: FERRO+ MINERAÇÃO S.A | F57: POÇO ARTESIANO 3 E APANHADOR DE ÁGUA POÇO 3 | G57: SPDA / ATERRAMENTO | H57: ANÁLISE DE RISCO DO PROJETO DE SPDA | I57: 1 | J57: 44136
... A60: K19-204-FER-MC-061 | C60: Pátio Contratadas | D60: PROJETO BASICO | E60: FERRO+ MINERAÇÃO S.A | F60: PÁTIO CONTRATADAS | G60: SPDA / ATERRAMENTO | H60: ANÁLISE DE RISCO DO PROJETO DE SPDA | I60: 0 | J60: 44409
A61: K19-204-FER-MC-062 | C61: Conteineres RH | D61: PROJETO BASICO | E61: FERRO+ MINERAÇÃO S.A | F61: CONTEINERES RH | G61: SPDA / ATERRAMENTO | H61: ANÁLISE DE RISCO DO PROJETO DE SPDA | J61: 44317
A62: K19-204-FER-MC-063 | C62: Tenda Pátio Container Contratadas | D62: PROJETO BASICO | E62: FERRO+ MINERAÇÃO S.A | F62: TENDA CONTRATADAS | G62: SPDA / ATERRAMENTO | H62: ANÁLISE DE RISCO DO PROJETO DE SPDA | I62: 0 | J62: 44348
A63: K19-204-FER-MC-064 | C63: Novo Peneiramento | D63: PROJETO BASICO | E63: FERRO+ MINERAÇÃO S.A | F63: NOVO PENEIRAMENTO | G63: SPDA / ATERRAMENTO | H63: ANÁLISE DE RISCO DO PROJETO DE SPDA | I63: 0 | J63: 44409
A64: K19-204-FER-MC-065 | C64: Planta Geração | D64: PROJETO BASICO | E64: FERRO+ MINERAÇÃO S.A | F64: PLANTA GERACAO | G64: SPDA / ATERRAMENTO | H64: ANÁLISE DE RISCO DO PROJETO DE SPDA | I64: 0 | J64: 44409
A65: K19-204-FER-MC-066 | C65: Guarita Patio de Sucatas | D65: PROJETO BASICO | E65: FERRO+ MINERAÇÃO S.A | F65: GUARITA PATIO DE SUCATAS | G65: SPDA / ATERRAMENTO | H65: ANÁLISE DE RISCO DO PROJETO DE SPDA | J65: 44440
A66: K19-204-FER-MC-067 | C66: Poco de Captacao Pires | D66: PROJETO BASICO | E66: FERRO+ MINERAÇÃO S.A | F66: POCO CAPTACAO PIRES | G66: SPDA / ATERRAMENTO | H66: ANÁLISE DE RISCO DO PROJETO DE SPDA
A67: K19-204-FER-MC-068 | C67: Canteiro de Obras das Torres | D67: PROJETO BASICO | E67: FERRO+ MINERAÇÃO S.A | F67: CANTEIRO DE OBRAS DAS TORRES | G67: SPDA / ATERRAMENTO | H67: ANÁLISE DE RISCO DO PROJETO DE SPDA
A68: K19-204-FER-MC-069 | C68: Nova Balança Rodoviária | D68: PROJETO BASICO | E68: FERRO+ MINERAÇÃO S.A | F68: NOVA BALANÇA RODOVIÁRIA | G68: SPDA / ATERRAMENTO | H68: ANÁLISE DE RISCO DO PROJETO DE SPDA | I68: 0 | J68: 44533
A69: K19-204-FER-MC-070 | C69: Escritório PCM do OEM | D69: PROJETO BASICO | E69: FERRO+ MINERAÇÃO S.A | F69: ESCRITÓRIO PCM DO OEM | G69: SPDA / ATERRAMENTO | H69: ANÁLISE DE RISCO DO PROJETO DE SPDA | I69: 0 | J69: 44533
A70: K19-204-FER-MC-071 | C70: Conteiner Peneira 1 | D70: PROJETO BASICO | E70: FERRO+ MINERAÇÃO S.A | F70: CONTEINER PENEIRA 1 | G70: SPDA / ATERRAMENTO | H70: ANÁLISE DE RISCO DO PROJETO DE SPDA | I70: 0 | J70: 44564
A71: K19-204-FER-MC-072 | C71: Conteiner Elétrica | D71: PROJETO BASICO | E71: FERRO+ MINERAÇÃO S.A | F71: CONTEINER ELÉTRICA | G71: SPDA / ATERRAMENTO | H71: ANÁLISE DE RISCO DO PROJETO DE SPDA | I71: 0 | J71: 44564
A72: K19-204-FER-MC-073 | C72: Lavador de Rodas | D72: PROJETO BASICO | E72: FERRO+ MINERAÇÃO S.A | F72: LAVADOR DE RODAS | G72: SPDA / ATERRAMENTO | H72: ANÁLISE DE RISCO DO PROJETO DE SPDA | I72: 0 | J72: 44595
A73: K19-204-FER-MC-074 | C73: Contêiner Ferramentaria PCM ITM | D73: PROJETO BASICO | E73: FERRO+ MINERAÇÃO S.A | F73: CONTEINER FERRAMENTARIA PCM ITM | G73: SPDA / ATERRAMENTO | H73: ANÁLISE DE RISCO DO PROJETO DE SPDA | I73: 0 | J73: 44595
A74: K19-204-FER-MC-075 | C74: Torre de Telecomunicações TI/Meio Ambiente | D74: PROJETO BASICO | E74: FERRO+ MINERAÇÃO S.A | F74: TORRE DE TELECOMUNICAÇÃO | G74: SPDA / ATERRAMENTO | H74: ANÁLISE DE RISCO DO PROJETO DE SPDA | I74: 0 | J74: 44630
A75: K19-204-FER-MC-076 | C75: Novas Tendas da Oficina de Equipamentos moveis | D75: PROJETO BASICO | E75: FERRO+ MINERAÇÃO S.A | F75: NOVAS TENDAS OEM | G75: SPDA / ATERRAMENTO | H75: ANÁLISE DE RISCO DO PROJETO DE SPDA | I75: 0 | J75: 44630
A76: K19-204-FER-MC-077 | C76: Contêiner PM-05 | D76: PROJETO BASICO | E76: FERRO+ MINERAÇÃO S.A | F76: CONTEINER PM-05 | G76: SPDA / ATERRAMENTO | H76: ANÁLISE DE RISCO DO PROJETO DE SPDA | I76: 0 | J76: 44630
A77: K19-204-FER-MC-078 | C77: Oficina PM-04 | D77: PROJETO BASICO | E77: FERRO+ MINERAÇÃO S.A | F77: OFICINA PM-04 | G77: SPDA / ATERRAMENTO | H77: ANÁLISE DE RISCO DO PROJETO DE SPDA | I77: 0 | J77: 44630
A78: K19-204-FER-MC-079 | C78: Área de vivência ED Pavimentações | D78: PROJETO BASICO | E78: FERRO+ MINERAÇÃO S.A | F78: ÁREA DE VIVÊNCIA ED PAVIMENTAÇÕES | G78: SPDA / ATERRAMENTO | H78: ANÁLISE DE RISCO DO PROJETO DE SPDA | I78: 0 | J78: 44630
A79: K19-204-FER-MC-080 | C79: Centro de Treinamentos | D79: PROJETO BASICO | E79: FERRO+ MINERAÇÃO S.A | F79: CENTRO DE TREINAMENTOS | G79: SPDA / ATERRAMENTO | H79: ANÁLISE DE RISCO DO PROJETO DE SPDA | I79: 0 | J79: 44783
A80: K19-204-FER-MC-081 | C80: Eletrocentro Bombeamento de agua | D80: PROJETO BASICO | E80: FERRO+ MINERAÇÃO S.A | F80: ELETROCENTRO BOMBAS DE ÁGUA | G80: SPDA / ATERRAMENTO | H80: ANÁLISE DE RISCO DO PROJETO DE SPDA | I80: 0 | J80: 44783
A81: K19-204-FER-MC-082 | D81: PROJETO BASICO | E81: FERRO+ MINERAÇÃO S.A | G81: SPDA / ATERRAMENTO | H81: ANÁLISE DE RISCO DO PROJETO DE SPDA | I81: 0 | J81: 44783
A82: K19-204-FER-MC-083 | C82: Contêineres do Peneiramento Móvel | D82: PROJETO BASICO | E82: FERRO+ MINERAÇÃO S.A | F82: CONTEINERES DO PENEIRAMENTO MÓVEL | G82: SPDA / ATERRAMENTO | H82: ANÁLISE DE RISCO DO PROJETO DE SPDA | I82: 0 | J82: 44844
A83: K19-204-FER-MC-084
A84: K19-204-FER-MC-085 | C84: Casa de Máquinas e Torre de Resfriamento | D84: PROJETO BASICO | E84: FERRO+ MINERAÇÃO S.A | F84: CASA DE MÁQUINAS E TORRE DE RESFRIAMENTO | G84: SPDA / ATERRAMENTO | H84: ANÁLISE DE RISCO DO PROJETO DE SPDA | I84: 0
A85: K19-204-FER-MC-086 | C85: Torre de Radar | D85: PROJETO BASICO | E85: FERRO+ MINERAÇÃO S.A | F85: TORRE DE RADAR | G85: SPDA / ATERRAMENTO | H85: ANÁLISE DE RISCO DO PROJETO DE SPDA | I85: 0
A86: K19-204-FER-MC-087 | C86: Contêiner Manuteção Mecânica ITM | D86: PROJETO BASICO | E86: FERRO+ MINERAÇÃO S.A | F86: CONTEINER MANUTENÇÃO MECANICA ITM | G86: SPDA / ATERRAMENTO | H86: ANÁLISE DE RISCO DO PROJETO DE SPDA | I86: 0
A87: K19-204-FER-MC-088 | C87: Novo Almoxarifado | D87: PROJETO BASICO | E87: FERRO+ MINERAÇÃO S.A | F87: NOVO ALMOXARIFADO | G87: SPDA / ATERRAMENTO | H87: ANÁLISE DE RISCO DO PROJETO DE SPDA | I87: 0
A88: K19-204-FER-MC-089 | C88: Poço Artesiano de Trabalho 3 | D88: PROJETO BASICO | E88: FERRO+ MINERAÇÃO S.A | F88: POÇO ARTESIANO DE TRABALHO 3 | G88: SPDA / ATERRAMENTO | H88: ANÁLISE DE RISCO DO PROJETO DE SPDA | I88: 0
A89: K19-204-FER-MC-090 | C89: Contêiner Logística Portaria | D89: PROJETO BASICO | E89: FERRO+ MINERAÇÃO S.A | F89: CONTEINER LOGISTICA PORTARIA | G89: SPDA / ATERRAMENTO | H89: ANÁLISE DE RISCO DO PROJETO DE SPDA | I89: 0
A90: K19-204-FER-MC-091 | C90: Balança de Caminhão Traçado | D90: PROJETO BASICO | E90: FERRO+ MINERAÇÃO S.A | F90: BALANÇA DE CAMINHÃO TRAÇADO | G90: SPDA / ATERRAMENTO | H90: ANÁLISE DE RISCO DO PROJETO DE SPDA | I90: 0
A91: K19-204-FER-MC-092 | C91: Portaria Leste | D91: PROJETO BASICO | E91: FERRO+ MINERAÇÃO S.A | F91: PORTARIA LESTE | G91: SPDA / ATERRAMENTO | H91: ANÁLISE DE RISCO DO PROJETO DE SPDA | I91: 0
A92: K19-204-FER-MC-093 | C92: Canteiro Contratadas da Nova Britagem | D92: PROJETO BASICO | E92: FERRO+ MINERAÇÃO S.A | F92: CANTEIRO CONTRATADAS DA NOVA BRITAGEM | G92: SPDA / ATERRAMENTO | H92: ANÁLISE DE RISCO DO PROJETO DE SPDA | I92: 0
A93: K19-204-FER-MC-094 | C93: Pátio de Armação VMF | D93: PROJETO BASICO | E93: FERRO+ MINERAÇÃO S.A | F93: PÁTIO DE ARMAÇÃO VMF | G93: SPDA / ATERRAMENTO | H93: ANÁLISE DE RISCO DO PROJETO DE SPDA | I93: 0
A94: K19-204-FER-MC-095 | C94: Contêiner do Pátio de Equipamentos | D94: PROJETO BASICO | E94: FERRO+ MINERAÇÃO S.A | F94: CONTEINER DO PÁTIO DE EQUIPAMENTOS | G94: SPDA / ATERRAMENTO | H94: ANÁLISE DE RISCO DO PROJETO DE SPDA | I94: 0
A95: K19-204-FER-MC-096 | C95: Guarita Implementação de Projetos | D95: PROJETO BASICO | E95: FERRO+ MINERAÇÃO S.A | F95: GUARITA IMPLEMENTAÇÃO DE PROJETOS | G95: SPDA / ATERRAMENTO | H95: ANÁLISE DE RISCO DO PROJETO DE SPDA | I95: 0
... A97: K19-204-FER-MC-098 | C97: Torre de Telecomunicação Nascente | D97: PROJETO BASICO | E97: FERRO+ MINERAÇÃO S.A | F97: TORRE DE TELECOMUNICAÇÃO NASCENTE | G97: SPDA / ATERRAMENTO | H97: ANÁLISE DE RISCO DO PROJETO DE SPDA | I97: 0
A98: K19-204-FER-MC-099 | C98: Platô Administrativo | D98: PROJETO BASICO | E98: FERRO+ MINERAÇÃO S.A | F98: PLATO ADMINISTRATIVO | G98: SPDA / ATERRAMENTO | H98: ANÁLISE DE RISCO DO PROJETO DE SPDA | I98: 0 | J98: 45495

Sheet RIs
C1: Ferro+ - Ferro+ Mineração S.A
C2: CONTRATO: 089/2026 - Empresa: MSI Engenharia e Tecnologia LTDA
A3: Número | B3: ART | C3: Descrição da Área | D3: Título 1 | E3: Título 2 | F3: Título 3 | G3: Título 4 | H3: Título 5 | I3: Revisão | J3: Data de Emissão | K3: Número MSI | L3: Número J.Mendes | M3: Não Conformidade - Descrição | N3: Severidade | O3: Status | P3: Responsável | Q3: Data
A4: K19-204-FER-RI-001 | B4: 6140206 | C4: Classificação | D4: PROJETO BASICO | E4: FERRO+ MINERAÇÃO S.A | F4: CLASSIFICAÇÃO | G4: SPDA / ATERRAMENTO | H4: RELATÓRIO DE INSPEÇÃO | I4: 0 | J4: 44013
A5: K19-204-FER-RI-002 | B5: 6140221 | C5: Separação Magnética | D5: PROJETO BASICO | E5: FERRO+ MINERAÇÃO S.A | F5: SEPARAÇÃO MAGNÉTICA | G5: SPDA / ATERRAMENTO | H5: RELATÓRIO DE INSPEÇÃO | I5: 0 | J5: 44013
A6: K19-204-FER-RI-003 | B6: 6140233 | C6: Britagem | D6: PROJETO BASICO | E6: FERRO+ MINERAÇÃO S.A | F6: BRITAGEM | G6: SPDA / ATERRAMENTO | H6: RELATÓRIO DE INSPEÇÃO | I6: 0 | J6: 44013
A7: K19-204-FER-RI-004 | B7: 6140258 | C7: Filtragem Cerâmica de Concentrado | D7: PROJETO BASICO | E7: FERRO+ MINERAÇÃO S.A | F7: FILTRAGEM CERÂMICA DE CONCENTRADO | G7: SPDA / ATERRAMENTO | H7: RELATÓRIO DE INSPEÇÃO | I7: 0 | J7: 44013
A8: K19-204-FER-RI-005 | B8: 6140297 | C8: Filtragem e Eletrocentro Prensa de Rejeito | D8: PROJETO BASICO | E8: FERRO+ MINERAÇÃO S.A | F8: FILTRAGEM E ELETROCENTRO PRENSA DE REJEITO | G8: SPDA / ATERRAMENTO | H8: RELATÓRIO DE INSPEÇÃO | I8: 0 | J8: 44013
A9: K19-204-FER-RI-006 | B9: 6140310 | C9: Escritório Administrativo 1 (Antigo) | D9: PROJETO BASICO | E9: FERRO+ MINERAÇÃO S.A | F9: ESCRITÓRIO ADMINISTRATIVO 1 (ANTIGO) | G9: SPDA / ATERRAMENTO | H9: RELATÓRIO DE INSPEÇÃO | I9: 0 | J9: 44013
A10: K19-204-FER-RI-007 | B10: 6140317 | C10: Escritório Administrativo (Novo) | D10: PROJETO BASICO | E10: FERRO+ MINERAÇÃO S.A | F10: ESCRITÓRIO ADMINISTRATIVO (NOVO) | G10: SPDA / ATERRAMENTO | H10: RELATÓRIO DE INSPEÇÃO | I10: 0 | J10: 44013
A11: K19-204-FER-RI-008 | B11: 6140329 | C11: Geologia/Geotecnia | D11: PROJETO BASICO | E11: FERRO+ MINERAÇÃO S.A | F11: GEOLOGIA/GEOTECNIA | G11: SPDA / ATERRAMENTO | H11: RELATÓRIO DE INSPEÇÃO | I11: 0 | J11: 44013
A12: K19-204-FER-RI-009 | B12: 6140344 | C12: Planta Moinho de Rolos | D12: PROJETO BASICO | E12: FERRO+ MINERAÇÃO S.A | F12: PLANTA MOINHO DE ROLOS | G12: SPDA / ATERRAMENTO | H12: RELATÓRIO DE INSPEÇÃO | I12: 0 | J12: 44013
A13: K19-204-FER-RI-010 | B13: 6140390 | C13: Meio Ambiente/Comunicação | D13: PROJETO BASICO | E13: FERRO+ MINERAÇÃO S.A | F13: MEIO AMBIENTE/COMUNICAÇÃO | G13: SPDA / ATERRAMENTO | H13: RELATÓRIO DE INSPEÇÃO | I13: 0 | J13: 44013
A14: K19-204-FER-RI-011 | B14: 6140401 | C14: Portaria 1 | D14: PROJETO BASICO | E14: FERRO+ MINERAÇÃO S.A | F14: PORTARIA 1 | G14: SPDA / ATERRAMENTO | H14: RELATÓRIO DE INSPEÇÃO | I14: 0 | J14: 44013
A15: K19-204-FER-RI-012 | B15: 6140410 | C15: Portaria 2 | D15: PROJETO BASICO | E15: FERRO+ MINERAÇÃO S.A | F15: PORTARIA 2 | G15: SPDA / ATERRAMENTO | H15: RELATÓRIO DE INSPEÇÃO | I15: 0 | J15: 44013
... A48: K19-204-FER-RI-045 | B48: 6141813 | C48: Subestação 138KV E CCM | D48: PROJETO BASICO | E48: FERRO+ MINERAÇÃO S.A | F48: SUBESTAÇÃO 138KV E CCM | G48: SPDA / ATERRAMENTO | H48: RELATÓRIO DE INSPEÇÃO | I48: 0 | J48: 44013
A49: K19-204-FER-RI-046 | C49: Mirante. | D49: PROJETO BASICO | E49: FERRO+ MINERAÇÃO S.A | F49: MIRANTE | G49: SPDA / ATERRAMENTO | H49: RELATÓRIO DE INSPEÇÃO | I49: 0 | J49: 44197
A50: K19-204-FER-RI-047 | C50: Canteiros de obras VMF | D50: PROJETO BASICO | E50: FERRO+ MINERAÇÃO S.A | F50: CANTEIROS DE OBRAS VMF | G50: SPDA / ATERRAMENTO | H50: RELATÓRIO DE INSPEÇÃO | I50: 0 | J50: 44409
A51: K19-204-FER-RI-048 | C51: Nova ETE Oficina | D51: PROJETO BASICO | E51: FERRO+ MINERAÇÃO S.A | F51: NOVA ETE OFICINA | G51: SPDA / ATERRAMENTO | H51: RELATÓRIO DE INSPEÇÃO | I51: 0 | J51: 44409
A52: K19-204-FER-RI-049 | C52: Tenda contratadas | D52: PROJETO BASICO | E52: FERRO+ MINERAÇÃO S.A | F52: TENDAS CONTRATADAS | G52: SPDA / ATERRAMENTO | H52: RELATÓRIO DE INSPEÇÃO | I52: 0 | J52: 44423
A53: K19-204-FER-RI-050 | C53: Nova ETE Principal | D53: PROJETO BASICO | E53: FERRO+ MINERAÇÃO S.A | F53: NOVA ETE PRINCIPAL | G53: SPDA / ATERRAMENTO | H53: RELATÓRIO DE INSPEÇÃO | I53: 0 | J53: 44424
A54: K19-204-FER-RI-051 | C54: Contêiner Elétrica | D54: PROJETO BASICO | E54: FERRO+ MINERAÇÃO S.A | F54: CONTÊINER ELÉTRICA | G54: SPDA / ATERRAMENTO | H54: RELATÓRIO DE INSPEÇÃO | I54: 0
A55: K19-204-FER-RI-052 | C55: Contêiner Peneira 1 | D55: PROJETO BASICO | E55: FERRO+ MINERAÇÃO S.A | F55: CONTÊINER PENEIRA 1 | G55: SPDA / ATERRAMENTO | H55: RELATÓRIO DE INSPEÇÃO | I55: 0
A56: K19-204-FER-RI-053 | C56: Contêiner RH | D56: PROJETO BASICO | E56: FERRO+ MINERAÇÃO S.A | F56: CONTÊINER RH | G56: SPDA / ATERRAMENTO | H56: RELATÓRIO DE INSPEÇÃO | I56: 0
A57: K19-204-FER-RI-054 | C57: Novo DIR | D57: PROJETO BASICO | E57: FERRO+ MINERAÇÃO S.A | F57: NOVO DIR | G57: SPDA / ATERRAMENTO | H57: RELATÓRIO DE INSPEÇÃO | I57: 0 | J57: 44629
A58: K19-204-FER-RI-055 | C58: Restaurante Anexo | D58: PROJETO BASICO | E58: FERRO+ MINERAÇÃO S.A | F58: RESTAURANTE ANEXO | G58: SPDA / ATERRAMENTO | H58: RELATÓRIO DE INSPEÇÃO | I58: 0 | J58: 44629
A59: K19-204-FER-RI-056 | C59: Torre de Telecomunicações TI/Meio Ambiente | D59: PROJETO BASICO | E59: FERRO+ MINERAÇÃO S.A | F59: TORRE DE TELECOMUNICAÇÃO | G59: SPDA / ATERRAMENTO | H59: RELATÓRIO DE INSPEÇÃO | I59: 0 | J59: 44629
A60: K19-204-FER-RI-057 | C60: Novo Peneiramento | D60: PROJETO BASICO | E60: FERRO+ MINERAÇÃO S.A | F60: NOVO PENEIRAMENTO | G60: SPDA / ATERRAMENTO | H60: RELATÓRIO DE INSPEÇÃO | I60: 0 | J60: 44629
A61: K19-204-FER-RI-058 | C61: Container Recepção da Portaria | D61: PROJETO BASICO | E61: FERRO+ MINERAÇÃO S.A | F61: CONTAINER RECEPÇÃO DA PORTARIA | G61: SPDA / ATERRAMENTO | H61: RELATÓRIO DE INSPEÇÃO | I61: 0 | J61: 44629
A62: K19-204-FER-RI-059 | C62: Guarita Pátio Sucatas | D62: PROJETO BASICO | E62: FERRO+ MINERAÇÃO S.A | F62: GUARITA PÁTIO SUCATAS | G62: SPDA / ATERRAMENTO | H62: RELATÓRIO DE INSPEÇÃO | I62: 0 | J62: 44629
A63: K19-204-FER-RI-060 | C63: Contêiner PM-05 | D63: PROJETO BASICO | E63: FERRO+ MINERAÇÃO S.A | F63: CONTÊINER PM-05 | G63: SPDA / ATERRAMENTO | H63: RELATÓRIO DE INSPEÇÃO | I63: 0 | J63: 44629
A64: K19-204-FER-RI-061 | C64: Tenda Oficina de Veículos | D64: PROJETO BASICO | E64: FERRO+ MINERAÇÃO S.A | F64: TENDA OFICINA DE VEÍCULOS | G64: SPDA / ATERRAMENTO | H64: RELATÓRIO DE INSPEÇÃO | I64: 0 | J64: 44629
A65: K19-204-FER-RI-062 | C65: Contêiner Ferramentaria PCM ITM | D65: PROJETO BASICO | E65: FERRO+ MINERAÇÃO S.A | F65: CONTEINER FERRAMENTARIA PCM ITM | G65: SPDA / ATERRAMENTO | H65: RELATÓRIO DE INSPEÇÃO | I65: 0 | J65: 44629
A66: K19-204-FER-RI-063 | C66: Depósito de Produtos Químicos | D66: PROJETO BASICO | E66: FERRO+ MINERAÇÃO S.A | F66: DEPÓSITO DE PRODUTOS QUÍMICOS | G66: SPDA / ATERRAMENTO | H66: RELATÓRIO DE INSPEÇÃO | I66: 0 | J66: 44677
A67: K19-204-FER-RI-064 | C67: Depósito de Resíduos | D67: PROJETO BASICO | E67: FERRO+ MINERAÇÃO S.A | F67: DEPÓSITO DE RESÍDUOS | G67: SPDA / ATERRAMENTO | H67: RELATÓRIO DE INSPEÇÃO | I67: 0 | J67: 44677
A68: K19-204-FER-RI-065 | C68: Oficina PM-04 | D68: PROJETO BASICO | E68: FERRO+ MINERAÇÃO S.A | F68: OFICINA PM-04 | G68: SPDA / ATERRAMENTO | H68: RELATÓRIO DE INSPEÇÃO | I68: 0 | J68: 44700
... A73: K19-204-FER-RI-070 | C73: Base de Bombas Novas | D73: PROJETO BASICO | E73: FERRO+ MINERAÇÃO S.A | F73: BASE DE BOMBAS NOVAS | G73: SPDA / ATERRAMENTO | H73: RELATÓRIO DE INSPEÇÃO | I73: 0 | J73: 44713
A74: K19-204-FER-RI-071 | C74: Classificação e Moagem nas Prensas de Rolos | D74: PROJETO BASICO | E74: FERRO+ MINERAÇÃO S.A | F74: CLASSIFICAÇÃO E MOAGEM NAS PRENSAS DE ROLOS | G74: SPDA / ATERRAMENTO | H74: RELATÓRIO DE INSPEÇÃO | I74: 0
A75: K19-204-FER-RI-072 | C75: Casa de Máquina | D75: PROJETO BASICO | E75: FERRO+ MINERAÇÃO S.A | F75: CASA DE MÁQUINA | G75: SPDA / ATERRAMENTO | H75: RELATÓRIO DE INSPEÇÃO | I75: 0
A76: K19-204-FER-RI-073 | C76: Espessadores | D76: PROJETO BASICO | E76: FERRO+ MINERAÇÃO S.A | F76: ESPESSADORES | G76: SPDA / ATERRAMENTO | H76: RELATÓRIO DE INSPEÇÃO | I76: 0
A77: K19-204-FER-RI-074 | C77: Eletrocentro (Filtragem de Prensa) | D77: PROJETO BASICO | E77: FERRO+ MINERAÇÃO S.A | F77: ELETROCENTRO (FILTRAGEM DE PRENSA) | G77: SPDA / ATERRAMENTO | H77: RELATÓRIO DE INSPEÇÃO | I77: 0
A78: K19-204-FER-RI-075 | C78: Nova Balança Rodoviária | D78: PROJETO BASICO | E78: FERRO+ MINERAÇÃO S.A | F78: NOVA BALAÇA RODOVIÁRIA | G78: SPDA / ATERRAMENTO | H78: RELATÓRIO DE INSPEÇÃO | I78: 0 | J78: 44774
A79: K19-204-FER-RI-076 | C79: Poço de Captação Pires | D79: PROJETO BASICO | E79: FERRO+ MINERAÇÃO S.A | F79: POÇO DE CAPTAÇÃO PIRES | G79: SPDA / ATERRAMENTO | H79: RELATÓRIO DE INSPEÇÃO | I79: 0 | J79: 44826
A80: K19-204-FER-RI-077 | C80: Contêineres do Peneiramento Móvel | D80: PROJETO BASICO | E80: FERRO+ MINERAÇÃO S.A | F80: CONTEINERES DO PENEIRAMENTO MÓVEL | G80: SPDA / ATERRAMENTO | H80: RELATÓRIO DE INSPEÇÃO | I80: 0
A81: K19-204-FER-RI-078 | C81: Balanca Rodoviaria Fazenda Flores | D81: PROJETO BASICO | E81: FERRO+ MINERAÇÃO S.A | F81: BALANÇA RODOVIÁRIA FAZENDA FLORES | G81: SPDA / ATERRAMENTO | H81: RELATÓRIO DE INSPEÇÃO | I81: 0
A82: K19-204-FER-RI-079 | C82: Lavador de Rodas | D82: PROJETO BASICO | E82: FERRO+ MINERAÇÃO S.A | F82: LAVADOR DE RODAS | G82: SPDA / ATERRAMENTO | H82: RELATÓRIO DE INSPEÇÃO | I82: 0
A83: K19-204-FER-RI-080 | C83: Contêiner Manutenção Mecânica ITM | D83: PROJETO BASICO | E83: FERRO+ MINERAÇÃO S.A | F83: CONTEINER MANUTENÇÃO MECANICA ITM | G83: SPDA / ATERRAMENTO | H83: RELATÓRIO DE INSPEÇÃO | I83: 0
A84: K19-204-FER-RI-081 | C84: Torre de Radar | D84: PROJETO BASICO | E84: FERRO+ MINERAÇÃO S.A | F84: TORRE DE RADAR | G84: SPDA / ATERRAMENTO | H84: RELATÓRIO DE INSPEÇÃO | I84: 0
A85: K19-204-FER-RI-082 | C85: Novo Almoxarifado | D85: PROJETO BASICO | E85: FERRO+ MINERAÇÃO S.A | F85: NOVO ALMOXARIFADO | G85: SPDA / ATERRAMENTO | H85: RELATÓRIO DE INSPEÇÃO
A86: K19-204-FER-RI-083 | C86: Contêiner Logística Portaria | D86: PROJETO BASICO | E86: FERRO+ MINERAÇÃO S.A | F86: CONTEINER LOGISTICA PORTARIA | G86: SPDA / ATERRAMENTO | H86: RELATÓRIO DE INSPEÇÃO | I86: 0
A87: K19-204-FER-RI-084 | C87: Portaria Leste | D87: PROJETO BASICO | E87: FERRO+ MINERAÇÃO S.A | F87: PORTARIA LESTE | G87: SPDA / ATERRAMENTO | H87: RELATÓRIO DE INSPEÇÃO | I87: 0
A88: K19-204-FER-RI-085 | C88: Canteiro Contratadas da Nova Britagem | D88: PROJETO BASICO | E88: FERRO+ MINERAÇÃO S.A | F88: CANTEIRO CONTRATADAS DA NOVA BRITAGEM | G88: SPDA / ATERRAMENTO | H88: RELATÓRIO DE INSPEÇÃO
A89: K19-204-FER-RI-086 | C89: Pátio de Armação VMF | D89: PROJETO BASICO | E89: FERRO+ MINERAÇÃO S.A | F89: PÁTIO DE ARMAÇÃO VMF | G89: SPDA / ATERRAMENTO | H89: RELATÓRIO DE INSPEÇÃO | I89: 0
A90: K19-204-FER-RI-087 | C90: Guarita Centro de Treinamentos | D90: PROJETO BASICO | E90: FERRO+ MINERAÇÃO S.A | F90: GUARITA CENTRO DE TREINAMENTOS | G90: SPDA / ATERRAMENTO | H90: RELATÓRIO DE INSPEÇÃO | I90: 0
A91: K19-204-FER-RI-088 | C91: Nova Britagem | D91: PROJETO BASICO | E91: FERRO+ MINERAÇÃO S.A | F91: NOVA BRITAGEM | G91: SPDA / ATERRAMENTO | H91: RELATÓRIO DE INSPEÇÃO
A92: K19-204-FER-RI-089 | C92: Eletrocentro Bombas de Água | D92: PROJETO BASICO | E92: FERRO+ MINERAÇÃO S.A | F92: ELETROCENTRO BOMBAS DE ÁGUA | G92: SPDA / ATERRAMENTO | H92: RELATÓRIO DE INSPEÇÃO | I92: 0
A93: K19-204-FER-RI-090 | C93: Pátio das Contratadas | D93: PROJETO BASICO | E93: FERRO+ MINERAÇÃO S.A | F93: PÁTIO DAS CONTRATADAS | G93: SPDA / ATERRAMENTO | H93: RELATÓRIO DE INSPEÇÃO | I93: 0
A94: K19-204-FER-RI-091 | C94: Contêiner do Pátio de Equipamentos | D94: PROJETO BASICO | E94: FERRO+ MINERAÇÃO S.A | F94: CONTEINER DO PÁTIO DE EQUIPAMENTOS | G94: SPDA / ATERRAMENTO | H94: RELATÓRIO DE INSPEÇÃO | I94: 0
A95: K19-204-FER-RI-092 | C95: Ponto de Ônibus ITM | D95: PROJETO BASICO | E95: FERRO+ MINERAÇÃO S.A | F95: PONTO DE ÔNIBUS ITM | G95: SPDA / ATERRAMENTO | H95: RELATÓRIO DE INSPEÇÃO | I95: 0
A96: K19-204-FER-RI-093 | C96: Guarita Implementação de Projetos | D96: PROJETO BASICO | E96: FERRO+ MINERAÇÃO S.A | F96: GUARITA IMPLEMENTAÇÃO DE PROJETOS | G96: SPDA / ATERRAMENTO | H96: RELATÓRIO DE INSPEÇÃO | I96: 0
A97: K19-204-FER-RI-094 | C97: Tenda da Moagem | D97: PROJETO BASICO | E97: FERRO+ MINERAÇÃO S.A | F97: TENDA DA MOAGEM | G97: SPDA / ATERRAMENTO | H97: RELATÓRIO DE INSPEÇÃO | I97: 0
A98: K19-204-FER-RI-095 | C98: Torre de Telecomunicação Nascente | D98: PROJETO BASICO | E98: FERRO+ MINERAÇÃO S.A | F98: TORRE DE TELECOMUNICAÇÃO NASCENTE | G98: SPDA / ATERRAMENTO | H98: RELATÓRIO DE INSPEÇÃO | I98: 0
A99: K19-204-FER-RI-096 | C99: Platô Administrativo | D99: PROJETO BASICO | E99: FERRO+ MINERAÇÃO S.A | F99: PLATO ADMINISTRATIVO | G99: SPDA / ATERRAMENTO | H99: RELATÓRIO DE INSPEÇÃO | I99: 0 | J99: 45495

Sheet Controle
A1: CONTRATO: 089/2026 - Empresa: MSI Engenharia e Tecnologia LTDA
A2: Código da Área | B2: LD (ÁREA CRIADA) | C2: DEMARCAÇÃO NO QGIS | D2: ÁREA À SER CONSIDERADA | E2: Descrição da Área | F2: RI Inicial | G2: ART Inicial | H2: MC | I2: DE | J2: MD | K2: LM | L2: ADEQUAÇÃO % | Q2: Ampliação Volume | R2: RI Conforme / Atual | S2: Data de Emissão do Laudo completo (medição) | T2: Validade do Laudo completo (medição) | U2: Inspeção Semestral (IS) | V2: Data de Emissão do último Laudo (Completo / IS) | W2: Validade da Inspeção Semestral | X2: Execução adequação inspeção Visual | Y2: ART Final | Z2: Status | AA2: Dossiê | AB2: Observações e previsão p/ adequação | AC2: Pendências
L3: Captação | M3: Descida | N3: Aterramento | O3: DPS | P3: Geral
A4: 2 | B4: 1000 | C4: 001 | E4: Britagem | F4: K19-204-FER-RI-003-R00 | G4: 6140233 | H4: K19-204-FER-MC-003 | I4: K19-204-FER-DE-023 | J4: K19-204-FER-MD-023 | K4: K19-204-FER-LM-023 | L4: 1 | M4: 1 | N4: 1 | O4: 1 | P4: {=SUM(L4:O4/4)} -> 1 | Q4: 1 | R4: K19-204-FER-RI-003-R02 | S4: 44927 | T4: =S4+366*3 -> 46025 | U4: K19-204-FER-IS-048 | V4: 45689 | W4: =V4+31*6 -> 45875 | X4: 1 | Y4: MG20210510899 | Z4: SPDA Conforme | AA4: P4-A1 | AB4: Nuvem atualizada | AC4: OK
A5: 3 | B5: 2000 | C5: 002 | D5: UNIFICAR - REBRITAGEM 2 E CLASSIFICAÇÃO | E5: Classificação | F5: K19-204-FER-RI-001-R00 | G5: 6140206 | H5: K19-204-FER-MC-001 | I5: K19-204-FER-DE-021 | J5: K19-204-FER-MD-021 | K5: K19-204-FER-LM-021 | L5: 1 | M5: 1 | N5: 1 | O5: 1 | P5: {=SUM(L5:O5/4)} -> 1 | Q5: 1 | R5: K19-204-FER-RI-001-R01 | S5: 45474 | T5: =S5+366*3 -> 46572 | U5: K19-204-FER-IS-076 | V5: 45689 | W5: =V5+31*6 -> 45875 | X5: 1 | Y5: MG20210510755 | Z5: SPDA Conforme | AA5: P13-A1 | AB5: Nuvem atualizada | AC5: OK
B6: 2000 | C6: 002 | D6: UNIFICAR - REBRITAGEM 2 E CLASSIFICAÇÃO | E6: Moagem | F6: K19-204-FER-RI-071-R00 | G6: N.A | L6: 1 | M6: 1 | N6: 0.5 | O6: 1 | P6: {=SUM(L6:O6/4)} -> 0.875 | Q6: 1 | U6: - | X6: - | Y6: - | Z6: Em andamento | AB6: Nuvem atualizada | AC6: Realizar limpeza na área abaixo dos HRC-800. Resp. J. Mendes
B7: 2000 | C7: 002 | D7: UNIFICAR - REBRITAGEM 2 E CLASSIFICAÇÃO | E7: Espirais | F7: K19-204-FER-RI-041-R00 | G7: 6141756 | H7: K19-204-FER-MC-001 | I7: K19-204-FER-DE-021 | J7: K19-204-FER-MD-021 | K7: K19-204-FER-LM-021 | L7: 1 | M7: 1 | N7: 1 | O7: 1 | P7: {=SUM(L7:O7/4)} -> 1 | Q7: 1 | R7: K19-204-FER-RI-001-R01 | S7: 45474 | T7: =S7+366*3 -> 46572 | U7: K19-204-FER-IS-075 | V7: 45689 | W7: =V7+31*6 -> 45875 | X7: 1 | Y7: MG20210510755 | Z7: SPDA Conforme | AA7: P13-A1 | AB7: Nuvem atualizada | AC7: OK
A8: 5 | B8: 3000 | C8: 003 | E8: Separador Magnético | F8: K19-204-FER-RI-002-R00 | G8: 6140221 | H8: K19-204-FER-MC-002 | I8: K19-204-FER-DE-022 | J8: K19-204-FER-MD-022 | K8: K19-204-FER-LM-022 | L8: 1 | M8: 1 | N8: 1 | O8: 1 | P8: {=SUM(L8:O8/4)} -> 1 | Q8: 1 | R8: K19-204-FER-RI-002-R01 | S8: 45748 | T8: =S8+366*3 -> 46846 | U8: K19-204-FER-IS-013 | V8: 45748 | W8: =V8+31*6 -> 45934 | X8: 1 | Y8: 6140221 | Z8: SPDA Conforme | AA8: P14-A1 | AB8: Nuvem atualizada | AC8: OK
A9: 7 | B9: 4000 | C9: 004 | D9: UNIFICAR COMO - ESPESSADORES | E9: Tanque de Cal Filtragem | F9: K19-204-FER-RI-067-R00 | G9: 6140297 | H9: K19-204-FER-MC-005 | I9: K19-204-FER-DE-011 | J9: K19-204-FER-MD-011 | K9: K19-204-FER-LM-011 | L9: 1 | M9: 1 | N9: 1 | O9: 1 | P9: {=SUM(L9:O9/4)} -> 1 | Q9: 1 | R9: K19-204-FER-RI-067-R00 | S9: 44622 | T9: =S9+366*3 -> 45720 | U9: K19-204-FER-IS-032 | V9: 45689 | W9: =SUM(V9+186) -> 45875 | X9: 1 | Y9: MG20221153441 | Z9: SPDA Conforme | AA9: P7-A1 | AB9: Nuvem atualizada | AC9: OK
A10: 8 | B10: 4000 | C10: 004 | D10: UNIFICAR COMO - ESPESSADORES | E10: Floculantes | F10: K19-204-FER-RI-042-R00 | G10: 6141763 | H10: K19-204-FER-MC-002 | I10: K19-204-FER-DE-022 | J10: K19-204-FER-MD-022 | K10: K19-204-FER-LM-022 | L10: 1 | M10: 1 | N10: 1 | O10: 1 | P10: 1 | Q10: NA | R10: K19-204-FER-RI-002-R01 | S10: 44927 | T10: =S10+366*3 -> 46025 | U10: K19-204-FER-IS-018 | V10: 45689 | W10: =SUM(V10+186) -> 45875 | X10: 1 | Y10: 6141763 | Z10: SPDA Conforme | AA10: P14-A1 | AB10: Nuvem atualizada | AC10: OK
A11: 10 | B11: 4000 | C11: 004 | D11: UNIFICAR COMO - ESPESSADORES | E11: Espessadores | F11: K19-204-FER-RI-043-R00 | G11: 6141775 | H11: K19-204-FER-MC-002 | I11: K19-204-FER-DE-022 | J11: K19-204-FER-MD-022 | K11: K19-204-FER-LM-022 | L11: 1 | M11: 1 | N11: 1 | O11: 1 | P11: 1 | Q11: 1 | R11: K19-204-FER-RI-002-R01 | S11: 44927 | T11: =S11+366*3 -> 46025 | U11: K19-204-FER-IS-065 | V11: 45689 | W11: =SUM(V11+186) -> 45875 | X11: 1 | Y11: MG20221153489 | Z11: SPDA Conforme | AA11: P14-A1 | AB11: Nuvem atualizada | AC11: OK
A12: xx | B12: 4000 | C12: 004 | D12: UNIFICAR COMO - ESPESSADORES | E12: Galpão de Ácido Nitrico | F12: K19-204-FER-RI-044-R01 | G12: N.A | H12: K19-204-FER-MC-091 | I12: K19-204-FER-DE-065 | J12: K19-204-FER-MD-074 | K12: K19-204-FER-LM-074 | L12: 1 | M12: 1 | N12: 1 | O12: 1 | P12: 1 | Q12: NA | R12: K19-204-FER-RI-044-R01 | S12: 44927 | T12: =S12+366*3 -> 46025 | U12: K19-204-FER-IS-017 | V12: 45689 | W12: =SUM(V12+186) -> 45875 | X12: 1 | Y12: 6141789 | Z12: SPDA Conforme | AA12: P10-A3 | AB12: Nuvem atualizada | AC12: OK
B13: 4000 | C13: 004 | D13: UNIFICAR COMO - ESPESSADORES | E13: Tanques Agitadores | F13: K19-204-FER-RI-044-R00 | G13: 6141789 | H13: K19-204-FER-MC-091 | I13: K19-204-FER-DE-065 | J13: K19-204-FER-MD-074 | K13: K19-204-FER-LM-074 | L13: 1 | M13: 1 | N13: 1 | O13: 1 | P13: 1 | Q13: 1 | R13: K19-204-FER-RI-044-R01 | S13: 44927 | T13: =S13+366*3 -> 46025 | U13: K19-204-FER-IS-016 | V13: 45689 | W13: =SUM(V13+186) -> 45875 | X13: 1 | Y13: 6141789 | Z13: SPDA Conforme | AB13: Nuvem atualizada | AC13: OK
A14: 6 | B14: 5001 | C14: 005 | D14: UNIFICAR - FILTRAGEM CONCENTRADOS | E14: Filtragem Cerâmica de Concentrado | F14: K19-204-FER-RI-004-R00 | G14: 6140258 | H14: K19-204-FER-MC-004 | I14: K19-204-FER-DE-024 | J14: K19-204-FER-MD-024 | K14: K19-204-FER-LM-024 | L14: 1 | M14: 1 | N14: 1 | O14: 1 | P14: {=SUM(L14:O14/4)} -> 1 | Q14: 1 | R14: K19-204-FER-RI-004-R01 | S14: 45474 | T14: =S14+366*3 -> 46572 | U14: K19-204-FER-IS-014 | V14: 45689 | W14: =SUM(V14+186) -> 45875 | X14: 0 | Y14: MG20221153555 | Z14: SPDA Conforme | AA14: P13-A2 | AB14: Nuvem atualizada | AC14: OK
A15: xx | B15: 5001 | C15: 005 | D15: UNIFICAR - FILTRAGEM CONCENTRADOS | E15: Torre de Resfriamento | F15: K19-204-FER-RI-069-R00 | G15: N.A | H15: K19-204-FER-MC-085 | I15: K19-204-FER-DE-071 | J15: K19-204-FER-MD-069 | K15: K19-204-FER-LM-068 | L15: 1 | M15: 1 | N15: 1 | O15: 1 | P15: {=SUM(L15:O15/4)} -> 1 | Q15: NA | R15: K19-204-FER-RI-069-R01 | S15: 45047 | T15: =S15+366*3 -> 46145 | U15: K19-204-FER-IS-056 | V15: 45689 | W15: =SUM(V15+186) -> 45875 | X15: 1 | Y15: MG20221576004 | Z15: SPDA Conforme | AA15: P10-A2 | AB15: Nuvem atualizada | AC15: OK
A16: xx | B16: 5001 | C16: 005 | D16: UNIFICAR - FILTRAGEM CONCENTRADOS | E16: Casa de Máquinas | F16: K19-204-FER-RI-072-R00 | G16: N.A | H16: K19-204-FER-MC-085 | I16: K19-204-FER-DE-071 | J16: K19-204-FER-MD-069 | K16: K19-204-FER-LM-068 | L16: 1 | M16: 1 | N16: 1 | O16: 1 | P16: 1 | Q16: NA | R16: K19-204-FER-RI-069-R01 | S16: 45047 | T16: =S16+366*3 -> 46145 | U16: K19-204-FER-IS-057 | V16: 45689 | W16: =SUM(V16+186) -> 45875 | X16: 1 | Y16: MG20221576004 | Z16: SPDA Conforme | AB16: Nuvem atualizada | AC16: OK
A17: 7 | B17: 6006 | C17: 006 | D17: UNIFICAR - FILTRAGEM DE REJEITOS | E17: Filtragem de Prensa | F17: K19-204-FER-RI-005-R00 | G17: 6140297 | H17: K19-204-FER-MC-005 | I17: K19-204-FER-DE-063 | J17: K19-204-FER-MD-067 | K17: K19-204-FER-LM-067 | L17: 1 | M17: 1 | N17: 1 | O17: 1 | P17: {=SUM(L17:O17/4)} -> 1 | Q17: 1 | R17: K19-204-FER-RI-005-R02 | S17: 44836 | T17: =S17+366*3 -> 45934 | U17: K19-204-FER-IS-015 | V17: 45689 | W17: =SUM(V17+186) -> 45875 | X17: 0 | Y17: MG20221154140 | Z17: SPDA Conforme | AA17: P7-A1 | AB17: Nuvem atualizada | AC17: OK
A18: 52 | B18: 6006 | C18: 006 | D18: UNIFICAR - FILTRAGEM DE REJEITOS | E18: Eletrocentro Filtragem Prensa 1 | F18: K19-204-FER-RI-005-R00 | G18: 6140297 | H18: K19-204-FER-MC-005 | I18: K19-204-FER-DE-063 | J18: K19-204-FER-MD-067 | K18: K19-204-FER-LM-067 | L18: 1 | M18: 1 | N18: 1 | O18: 1 | P18: {=SUM(L18:O18/4)} -> 1 | Q18: NA | R18: K19-204-FER-RI-005-R02 | S18: 44986 | T18: =S18+366*3 -> 46084 | U18: K19-204-FER-IS-053 | V18: 45689 | W18: =SUM(V18+186) -> 45875 | X18: 1 | Y18: MG20221154140 | Z18: SPDA Conforme | AB18: Nuvem atualizada | AC18: OK
B19: 6006 | C19: 006 | D19: UNIFICAR - FILTRAGEM DE REJEITOS | E19: Eletrocentro Filtragem Prensa 2 | F19: K19-204-FER-RI-074-R00 | G19: 6140297 | H19: K19-204-FER-MC-005 | I19: K19-204-FER-DE-063 | J19: K19-204-FER-MD-067 | K19: K19-204-FER-LM-067 | L19: 1 | M19: 1 | N19: 1 | O19: 1 | P19: {=SUM(L19:O19/4)} -> 1 | Q19: NA | R19: K19-204-FER-RI-005-R02 | S19: 44986 | T19: =S19+366*3 -> 46084 | U19: K19-204-FER-IS-054 | V19: 45689 | W19: =SUM(V19+186) -> 45875 | X19: 1 | Y19: MG20221154140 | Z19: SPDA Conforme | AB19: Nuvem atualizada | AC19: OK
A20: xx | B20: 7001 | C20: 007 | D20: UNIFICAR - BOMBA DE ÁGUA | E20: Caixa Australianas 1 | F20: K19-204-FER-RI-018-R00 | G20: 6140561 | H20: K19-204-FER-MC-018 | I20: K19-204-FER-DE-015 | J20: K19-204-FER-MD-015 | K20: K19-204-FER-LM-015 | L20: 1 | M20: 1 | N20: 1 | O20: 1 | P20: {=SUM(L20:O20/4)} -> 1 | Q20: NA | R20: K19-204-FER-RI-018-R02 | S20: 45078 | T20: =S20+366*3 -> 46176 | U20: K19-204-FER-IS-021 | V20: 45689 | W20: =SUM(V20+186) -> 45875 | X20: 1 | Y20: 6140561 | Z20: SPDA Conforme | AA20: P11-A1 | AB20: Nuvem atualizada | AC20: OK
A21: xx | B21: 7001 | C21: 007 | D21: UNIFICAR - BOMBA DE ÁGUA | E21: Caixa Australianas 2 | F21: K19-204-FER-RI-018-R00 | G21: 6140561 | H21: K19-204-FER-MC-018 | I21: K19-204-FER-DE-015 | J21: K19-204-FER-MD-015 | K21: K19-204-FER-LM-015 | L21: 1 | M21: 1 | N21: 1 | O21: 1 | P21: {=SUM(L21:O21/4)} -> 1 | Q21: NA | R21: K19-204-FER-RI-018-R02 | S21: 45078 | T21: =S21+366*3 -> 46176 | U21: K19-204-FER-IS-019 | V21: 45689 | W21: =SUM(V21+186) -> 45875 | X21: 1 | Y21: 6140561 | Z21: SPDA Conforme | AA21: P11-A1 | AB21: Nuvem atualizada | AC21: OK
A22: xx | B22: 7001 | C22: 007 | D22: UNIFICAR - BOMBA DE ÁGUA | E22: Caixa Australianas 3 | F22: K19-204-FER-RI-018-R00 | G22: 6140561 | H22: K19-204-FER-MC-018 | I22: K19-204-FER-DE-015 | J22: K19-204-FER-MD-015 | K22: K19-204-FER-LM-015 | L22: 1 | M22: 1 | N22: 1 | O22: 1 | P22: {=SUM(L22:O22/4)} -> 1 | Q22: NA | R22: K19-204-FER-RI-018-R02 | S22: 45078 | T22: =S22+366*3 -> 46176 | U22: K19-204-FER-IS-020 | V22: 45689 | W22: =SUM(V22+186) -> 45875 | X22: 1 | Y22: 6140561 | Z22: SPDA Conforme | AA22: P11-A1 | AB22: Nuvem atualizada | AC22: OK
A23: xx | B23: 7001 | C23: 007 | D23: UNIFICAR - BOMBA DE ÁGUA | E23: Caixa Australianas 4 | F23: K19-204-FER-RI-018-R00 | G23: 6140561 | H23: K19-204-FER-MC-018 | I23: K19-204-FER-DE-015 | J23: K19-204-FER-MD-015 | K23: K19-204-FER-LM-015 | L23: 1 | M23: 1 | N23: 1 | O23: 1 | P23: {=SUM(L23:O23/4)} -> 1 | Q23: NA | R23: K19-204-FER-RI-018-R02 | S23: 45078 | T23: =S23+366*3 -> 46176 | U23: K19-204-FER-IS-022 | V23: 45689 | W23: =SUM(V23+186) -> 45875 | X23: 1 | Y23: MG20221153165 | Z23: SPDA Conforme | AA23: P11-A1 | AB23: Nuvem atualizada | AC23: OK
A24: 9 | B24: 7001 | C24: 007 | D24: UNIFICAR - BOMBA DE ÁGUA | E24: Eletrocentro Bombas de Água | F24: K19-204-FER-RI-089-R00 | G24: N.A | H24: K19-204-FER-MC-081 | I24: K19-204-FER-DE-068 | J24: K19-204-FER-MD-064 | K24: K19-204-FER-LM-064 | L24: 1 | M24: 1 | N24: 1 | O24: 1 | P24: 1 | Q24: NA | R24: K19-204-FER-RI-089-R00 | S24: 45078 | T24: =S24+366*3 -> 46176 | U24: K19-204-FER-IS-071 | V24: 45689 | W24: =SUM(V24+186) -> 45875 | X24: 1 | Y24: MG20232225407 | Z24: SPDA Conforme | AA24: P11-A2 | AB24: Nuvem atualizada | AC24: OK
A25: 9 | B25: 7001 | C25: 007 | D25: UNIFICAR - BOMBA DE ÁGUA | E25: Bombas de Água | F25: K19-204-FER-RI-029-R00 | G25: 6140728 | H25: K19-204-FER-MC-018 | I25: K19-204-FER-DE-015 | J25: K19-204-FER-MD-015 | K25: K19-204-FER-LM-015 | L25: 1 | M25: 1 | N25: 1 | O25: 1 | P25: {=SUM(L25:O25/4)} -> 1 | Q25: NA | R25: K19-204-FER-RI-018-R02 | S25: 45078 | T25: =S25+366*3 -> 46176 | U25: K19-204-FER-IS-072 | V25: 45689 | W25: =SUM(V25+186) -> 45875 | X25: 0 | Y25: 6140728 | Z25: SPDA Conforme | AA25: P11-A1 | AB25: Nuvem atualizada | AC25: OK
A26: 18 | B26: 9012 | C26: 9018 | E26: Portaria Central | F26: K19-204-FER-RI-011-R00 | G26: 6140401 | H26: K19-204-FER-MC-011 | I26: K19-204-FER-DE-077 | J26: NA | K26: NA | L26: 1 | M26: 1 | N26: 1 | O26: 1 | P26: {=SUM(L26:O26/4)} -> 1 | Q26: NA | R26: K19-204-FER-RI-011-R01 | S26: 45078 | T26: =S26+366*3 -> 46176 | U26: K19-204-FER-IS-011 | V26: 45689 | W26: =SUM(V26+186) -> 45875 | X26: 1 | Y26: MG20232225382 | Z26: SPDA Conforme | AA26: P1-A5 | AB26: Nuvem atualizada | AC26: OK
A27: 28 | B27: 9036 | C27: 9024 / 9027/ 9028 | D27: CONSIDERAR MESMA ÁREA (ÁREA ADMINISTRATIVA MINA) | E27: Vestíarios | F27: K19-204-FER-RI-024-R00 | G27: 6140666 | H27: K19-204-FER-MC-024 | I27: K19-204-FER-DE-074 | J27: NA | K27: NA | L27: 1 | M27: 1 | N27: 1 | O27: 1 | P27: {=SUM(L27:O27/4)} -> 1 | Q27: NA | R27: K19-204-FER-RI-024-R00 | S27: 45078 | T27: =S27+366*3 -> 46176 | U27: K19-204-FER-IS-008 | V27: 45689 | W27: =SUM(V27+186) -> 45875 | X27: 1 | Y27: MG20231820746 | Z27: SPDA Conforme | AA27: P1-A8 | AB27: Nuvem atualizada | AC27: OK
A28: 27 | B28: 9036 | C28: 9027 | D28: CONSIDERAR MESMA ÁREA (ÁREA ADMINISTRATIVA MINA) | E28: Restaurante | F28: K19-204-FER-RI-024-R00 | G28: 6140666 | H28: K19-204-FER-MC-024 | I28: K19-204-FER-DE-074 | J28: NA | K28: NA | L28: 1 | M28: 1 | N28: 1 | O28: 1 | P28: {=SUM(L28:O28/4)} -> 1 | Q28: NA | R28: K19-204-FER-RI-024-R00 | S28: 45078 | T28: =S28+366*3 -> 46176 | U28: K19-204-FER-IS-009 | V28: 45689 | W28: =SUM(V28+186) -> 45875 | X28: 1 | Y28: MG20231820746 | Z28: SPDA Conforme | AA28: P1-A8 | AB28: Nuvem atualizada | AC28: OK
A29: 24 | B29: 9036 | C29: 9027 | D29: CONSIDERAR MESMA ÁREA (ÁREA ADMINISTRATIVA MINA) | E29: Escritório Administrativo 2 | F29: K19-204-FER-RI-007-R00 | G29: 6140317 | H29: K19-204-FER-MC-007 | I29: K19-204-FER-DE-075 | J29: NA | K29: NA | L29: 1 | M29: 1 | N29: 1 | O29: 1 | P29: {=SUM(L29:O29/4)} -> 1 | Q29: NA | R29: K19-204-FER-RI-007-R00 | S29: 45566 | T29: =S29+366*3 -> 46664 | U29: K19-204-FER-IS-010 | V29: 45566 | W29: =SUM(V29+186) -> 45752 | X29: 1 | Y29: 6140317 | Z29: SPDA Conforme | AA29: P11-A4 | AB29: Nuvem atualizada | AC29: OK
A30: 26 | B30: 9036 | C30: 9027 | D30: CONSIDERAR MESMA ÁREA (ÁREA ADMINISTRATIVA MINA) | E30: Quiosque Adm | F30: K19-204-FER-RI-014-R00 | G30: 6140438 | H30: K19-204-FER-MC-024 | I30: K19-204-FER-DE-074 | J30: NA | K30: NA | L30: 1 | M30: 1 | N30: 1 | O30: 1 | P30: {=SUM(L30:O30/4)} -> 1 | Q30: NA | R30: K19-204-FER-RI-014-R00 | S30: 45078 | T30: =S30+366*3 -> 46176 | U30: K19-204-FER-IS-006 | V30: 45689 | W30: =SUM(V30+186) -> 45875 | X30: 1 | Y30: MG20231820746 | Z30: SPDA Conforme | AA30: P1-A8 | AB30: Nuvem atualizada | AC30: OK
A31: 22 | B31: 9036 | C31: 9027 | D31: CONSIDERAR MESMA ÁREA (ÁREA ADMINISTRATIVA MINA) | E31: Logística | F31: K19-204-FER-RI-019-R00 | G31: 6140589 | H31: K19-204-FER-MC-019 | I31: K19-204-FER-DE-076 | J31: NA | K31: NA | L31: 1 | M31: 1 | N31: 1 | O31: 1 | P31: {=SUM(L31:O31/4)} -> 1 | Q31: NA | R31: K19-204-FER-RI-019-R00 | S31: 44683 | T31: =S31+366*3 -> 45781 | U31: K19-204-FER-IS-012 | V31: 45689 | W31: =SUM(V31+186) -> 45875 | X31: 1 | Y31: 6140589 | Z31: SPDA Conforme | AA31: P6-A2 | AB31: Nuvem atualizada | AC31: OK
A32: 40 | B32: 9053 | C32: 9040 | D32: UNIFICAR COM 9065 POÇO 4 | E32: Poço Artesiano 2 | F32: K19-204-FER-RI-039-R00 | G32: 6141739 | H32: K19-204-FER-MC-039 | I32: K19-204-FER-DE-080 | J32: NA | K32: NA | L32: 1 | M32: 1 | N32: 1 | O32: 1 | P32: {=SUM(L32:O32/4)} -> 1 | Q32: NA | R32: K19-204-FER-RI-039-R01 | S32: 44928 | T32: =S32+366*3 -> 46026 | U32: K19-204-FER-IS-005 | V32: 45689 | W32: =SUM(V32+186) -> 45875 | X32: 1 | Y32: 6141739 | Z32: SPDA Conforme | AA32: P10-A5 | AB32: Nuvem atualizada | AC32: OK
A33: 14 | B33: 9008 | C33: 9014 | D33: ÁREA PENEIRAMENTO MINA | E33: HP 100 | F33: K19-204-FER-RI-009-R00 | G33: 6140344 | H33: K19-204-FER-MC-009 | I33: K19-204-FER-DE-001 | J33: K19-204-FER-MD-001 | K33: K19-204-FER-LM-001 | L33: 1 | M33: 1 | N33: 1 | O33: 1 | P33: {=SUM(L33:O33/4)} -> 1 | Q33: 1 | R33: K19-204-FER-RI-009-R01 | S33: 44806 | T33: =S33+366*3 -> 45904 | U33: K19-204-FER-IS-062 | V33: 45689 | W33: =SUM(V33+186) -> 45875 | X33: 1 | Y33: MG20221575966 | Z33: SPDA Conforme | AA33: P6-A3 | AB33: Nuvem atualizada | AC33: OK
A34: xx | B34: 9012 | C34: 9018 | D34: UNIFICAR COM 9018 PORTARIA CENTRAL | E34: Container Fiscal Portaria | F34: K19-204-FER-RI-013-R00 | G34: 6140428 | H34: K19-204-FER-MC-013 | I34: K19-204-FER-DE-005 | J34: K19-204-FER-MD-005 | K34: K19-204-FER-LM-005 | L34: 1 | M34: 1 | N34: 1 | O34: 1 | P34: {=SUM(L34:O34/4)} -> 1 | Q34: NA | R34: K19-204-FER-RI-013-R02 | S34: 44622 | T34: =S34+366*3 -> 45720 | U34: K19-204-FER-IS-033 | V34: 45689 | W34: =SUM(V34+186) -> 45875 | X34: 1 | Y34: MG20221152987 | Z34: SPDA Conforme | AA34: P1-A3 | AB34: Nuvem atualizada | AC34: OK
A35: xx | B35: 9036 | C35: 9024 | D35: ESCRITÓRIO DA MINA | E35: Contêineres da Parada de Segurança | F35: K19-204-FER-RI-028-R00 | G35: 6140715 | H35: K19-204-FER-MC-028 | I35: K19-204-FER-DE-006 | J35: K19-204-FER-MD-006 | K35: K19-204-FER-LM-006 | L35: 1 | M35: 1 | N35: 1 | O35: 1 | P35: {=SUM(L35:O35/4)} -> 1 | Q35: NA | R35: K19-204-FER-RI-028-R02 | S35: 44563 | T35: =S35+366*3 -> 45661 | U35: K19-204-FER-IS-030 | V35: 45689 | W35: =SUM(V35+186) -> 45875 | X35: 1 | Y35: 6140715 | Z35: SPDA Conforme | AA35: P9-A4 | AB35: Nuvem atualizada | AC35: OK
A36: 32 | B36: 9024 | C36: 9032 | D36: GEOLOGIA/GEOTECNICA | E36: Escritório Geologia/Geotecnia | F36: K19-204-FER-RI-008-R00 | G36: 6140329 | H36: K19-204-FER-MC-008 | I36: K19-204-FER-DE-009 | J36: K19-204-FER-MD-009 | K36: K19-204-FER-LM-009 | L36: 1 | M36: 1 | N36: 1 | O36: 1 | P36: {=SUM(L36:O36/4)} -> 1 | Q36: NA | R36: K19-204-FER-RI-008-R02 | S36: 44653 | T36: =S36+366*3 -> 45751 | U36: K19-204-FER-IS-046 | V36: 45689 | W36: =SUM(V36+186) -> 45875 | X36: 1 | Y36: MG20221113535 | Z36: SPDA Conforme | AA36: P1-A1 | AB36: Nuvem atualizada | AC36: OK
B37: 9024 | C37: 9032 | D37: GEOLOGIA/GEOTECNICA | E37: Contêiner Geologia/Geotecnia | F37: K19-204-FER-RI-036-R00 | G37: 6140807 | H37: K19-204-FER-MC-036 | I37: K19-204-FER-DE-007 | J37: K19-204-FER-MD-007 | K37: K19-204-FER-LM-007 | L37: 1 | M37: 1 | N37: 1 | O37: 1 | P37: {=SUM(L37:O37/4)} -> 1 | Q37: NA | R37: K19-204-FER-RI-036-R01 | S37: 44653 | T37: =S37+366*3 -> 45751 | U37: K19-204-FER-IS-045 | V37: 45689 | W37: =SUM(V37+186) -> 45875 | X37: 0
C38: OBSOLETAR | E38: Escritório novo implantação ITM | F38: K19-204-FER-RI-031-R00 | G38: 6140759 | H38: K19-204-FER-MC-031 | I38: K19-204-FER-DE-010 | J38: K19-204-FER-MD-010 | K38: K19-204-FER-LM-010 | L38: 0 | M38: 0 | N38: 0 | O38: 0 | P38: {=SUM(L38:O38/4)} -> 0 | Q38: NA | R38: - | U38: - | V38: - | X38: - | Y38: 6140759 | Z38: Paralisado/Novo Projeto | AB38: Novo empreendimetno | AC38: Obra em andamento. Resp. J. Mendes
A39: 33 | B39: 9025 | C39: 9033 | D39: OFICINA DE VEÍCULOS | E39: Tenda Oficina de Veículos | F39: K19-204-FER-RI-015-R00 | G39: 6140444 | H39: K19-204-FER-MC-015 | I39: K19-204-FER-DE-032 | J39: K19-204-FER-MD-032 | K39: K19-204-FER-LM-032 | L39: 1 | M39: 1 | N39: 1 | O39: 1 | P39: {=SUM(L39:O39/4)} -> 1 | Q39: NA | R39: K19-204-FER-RI-015-R01 | S39: 45690 | T39: =S39+366*3 -> 46788 | U39: K19-204-FER-IS-035 | V39: 45689 | W39: =SUM(V39+186) -> 45875 | X39: 1 | Y39: MG20221153137 | Z39: SPDA Conforme | AA39: P2-A2 | AB39: Nuvem atualizada | AC39: OK
B40: 9025 | C40: 9033 | D40: OFICINA DE VEÍCULOS | E40: Oficina de Equipamentos | F40: K19-204-FER-RI-015-R00 | G40: 6140444 | H40: K19-204-FER-MC-015 | I40: K19-204-FER-DE-032 | J40: K19-204-FER-MD-032 | K40: K19-204-FER-LM-032 | L40: 1 | M40: 1 | N40: 1 | O40: 1 | P40: {=SUM(L40:O40/4)} -> 1 | Q40: NA | R40: K19-204-FER-RI-015-R01 | S40: 45690 | T40: =S40+366*3 -> 46788 | U40: K19-204-FER-IS-036 | V40: 45689 | W40: =SUM(V40+186) -> 45875 | X40: 1 | Y40: MG20221153688 | Z40: SPDA Conforme
A41: 30 | B41: 9074 | C41: 9030 | D41: Área de vivência Mina | E41: Depósito Facilities | F41: K19-204-FER-RI-027-R00 | G41: 6140707 | H41: K19-204-FER-MC-027 | I41: K19-204-FER-DE-018 | J41: K19-204-FER-MD-026 | K41: K19-204-FER-LM-026 | L41: 1 | M41: 1 | N41: 1 | O41: 1 | P41: {=SUM(L41:O41/4)} -> 1 | Q41: NA | R41: K19-204-FER-RI-027-R01 | S41: 44896 | T41: =S41+366*3 -> 45994 | U41: K19-204-FER-IS-080 | V41: 45689 | W41: =SUM(V41+186) -> 45875 | X41: 1 | Y41: MG20221153210 | Z41: SPDA Conforme | AA41: P8-A5 | AB41: Nuvem atualizada | AC41: OK
B42: 9074 | C42: 9030 | D42: Área de vivência Mina | E42: Fábrica de Placas e Container Meio Ambiente | F42: K19-204-FER-RI-010-R00 | G42: 6140390 | H42: K19-204-FER-MC-027 | I42: K19-204-FER-DE-018 | J42: K19-204-FER-MD-026 | K42: K19-204-FER-LM-026 | L42: 1 | M42: 1 | N42: 1 | O42: 1 | P42: {=SUM(L42:O42/4)} -> 1 | Q42: NA | R42: K19-204-FER-RI-027-R01 | S42: 44896 | T42: =S42+366*3 -> 45994 | U42: K19-204-FER-IS-063 | V42: 45689 | W42: =SUM(V42+186) -> 45875 | X42: 1 | AB42: Nuvem atualizada | AC42: OK
A43: xx | B43: 7001 | C43: 007 | D43: UNIFICAR - BOMBA DE ÁGUA | E43: Ponto de Ônibus ITM | F43: K19-204-FER-RI-026-R00 | G43: 6140696 | H43: K19-204-FER-MC-026 | I43: K19-204-FER-DE-020 | J43: K19-204-FER-MD-020 | K43: K19-204-FER-LM-020 | L43: 1 | M43: 1 | N43: 1 | O43: 1 | P43: {=SUM(L43:O43/4)} -> 1 | Q43: NA | R43: K19-204-FER-RI-026-R01 | S43: 45292 | T43: =S43+366*3 -> 46390 | U43: K19-204-FER-IS-026 | V43: 45689 | W43: =SUM(V43+186) -> 45875 | X43: 1 | Y43: MG20221153378 | Z43: SPDA Conforme | AA43: P1-A6 | AB43: Nuvem atualizada | AC43: OK
B44: 9015 | C44: 9021 | D44: ESCRITÓRIO ITM | E44: Prédio Sala de Controle ITM | F44: K19-204-FER-RI-045-R00 | G44: 6141813 | H44: K19-204-FER-MC-045 | I44: K19-204-FER-DE-021 | J44: K19-204-FER-MD-021 | K44: K19-204-FER-LM-021 | L44: 0.75 | M44: 0.75 | N44: 0.75 | O44: 0 | P44: {=SUM(L44:O44/4)} -> 0.5625 | Q44: NA | R44: - | U44: - | V44: - | X44: - | Y44: MG20210510755 | Z44: Em andamento | AB44: Nuvem atualizada | AC44: Emitir RI com medição realizada Jan. 23. Mesma área da Classificação Resp. MSI
A45: 11 | B45: 9005 | C45: 9011 | E45: Planta Piloto | F45: K19-204-FER-RI-037-R00 | G45: 6141715 | H45: K19-204-FER-MC-037 | I45: K19-204-FER-DE-025 | J45: K19-204-FER-MD-025 | K45: K19-204-FER-LM-025 | L45: 1 | M45: 1 | N45: 1 | O45: 1 | P45: {=SUM(L45:O45/4)} -> 1 | Q45: 1 | R45: K19-204-FER-RI-037-R01 | S45: 44867 | T45: =S45+366*3 -> 45965 | U45: K19-204-FER-IS-060 | V45: 45689 | W45: =SUM(V45+186) -> 45875 | X45: 1 | Y45: 6141715 | Z45: SPDA Conforme | AA45: P8-A3 | AB45: Nuvem atualizada | AC45: OK
A46: 39 | C46: OBSOLETAR | D46: VERIFICAR ÁREA | E46: Poço Artesiano 1 | F46: K19-204-FER-RI-038-R00 | G46: 6141725 | H46: K19-204-FER-MC-038 | I46: K19-204-FER-DE-028 | J46: K19-204-FER-MD-028 | K46: K19-204-FER-LM-028 | L46: 1 | M46: 1 | N46: 1 | O46: 1 | P46: {=SUM(L46:O46/4)} -> 1 | Q46: NA | R46: K19-204-FER-RI-038-R01 | S46: 44714 | T46: =S46+366*3 -> 45812 | U46: K19-204-FER-IS-023 | V46: 45689 | W46: =SUM(V46+186) -> 45875 | X46: 1 | Y46: MG20221153642 | Z46: SPDA Conforme | AA46: P3-A5 | AB46: Nuvem atualizada | AC46: OK
B47: 9033 | C47: 9041 | D47: Poço de Consumo PC 3 | E47: Poço 03 Oficina | F47: K19-204-FER-RI-105-R00 | G47: - | H47: K19-204-FER-MC-058 | I47: K19-204-FER-DE-029 | J47: K19-204-FER-MD-029 | K47: K19-204-FER-LM-029 | L47: 1 | M47: 1 | N47: 1 | O47: 1 | P47: {=SUM(L47:O47/4)} -> 1 | Q47: NA | R47: K19-204-FER-RI-105-R00 | S47: 45718 | T47: =S47+366*3 -> 46816 | U47: - | V47: 45718 | W47: =SUM(V47+186) -> 45904 | X47: - | Y47: MG20253815510 | Z47: SPDA Conforme | AA47: Em elaboração | AC47: OK
A48: 44 | C48: OBSOLETAR | E48: Smartmine e Operação Mina | F48: K19-204-FER-RI-034-R00 | G48: 6140785 | H48: K19-204-FER-MC-034 | I48: K19-204-FER-DE-030 | J48: K19-204-FER-MD-030 | K48: K19-204-FER-LM-030 | L48: 1 | M48: 1 | N48: 1 | O48: 1 | P48: {=SUM(L48:O48/4)} -> 1 | Q48: NA | R48: K19-204-FER-RI-034-R02 | S48: 44653 | T48: =S48+366*3 -> 45751 | U48: K19-204-FER-IS-039 | V48: 45689 | W48: =SUM(V48+186) -> 45875 | X48: 0 | Y48: MG20231820728 | Z48: SPDA Conforme | AA48: P4-A2 | AB48: Nuvem atualizada | AC48: OK
B49: 9010 | C49: 9016 | D49: Almoxarifado | E49: Almoxarifado | F49: K19-204-FER-RI-030-R00 | G49: 6140738 | H49: K19-204-FER-MC-030 | I49: K19-204-FER-DE-031 | J49: K19-204-FER-MD-031 | K49: K19-204-FER-LM-031 | L49: 1 | M49: 1 | N49: 1 | O49: 1 | P49: {=SUM(L49:O49/4)} -> 1 | Q49: NA | R49: K19-204-FER-RI-030-R01 | S49: 45353 | T49: =S49+366*3 -> 46451 | U49: K19-204-FER-IS-078 | V49: 45689 | W49: =SUM(V49+186) -> 45875 | X49: 0 | Y49: MG20242822116 | Z49: SPDA Conforme | AA49: P12-A3 | AB49: Nuvem atualizada | AC49: OK
A50: 17 | B50: 9011 | C50: 9017 | E50: Posto de Combustível | F50: K19-204-FER-RI-023-R00 | G50: 6140657 | H50: K19-204-FER-MC-023 | I50: K19-204-FER-DE-033 | J50: K19-204-FER-MD-033 | K50: K19-204-FER-LM-033 | L50: 1 | M50: 1 | N50: 1 | O50: 1 | P50: {=SUM(L50:O50/4)} -> 1 | Q50: NA | R50: K19-204-FER-RI-023-R01 | S50: 44653 | T50: =S50+366*3 -> 45751 | U50: K19-204-FER-IS-031 | V50: 45689 | W50: =SUM(V50+186) -> 45875 | X50: 1 | Y50: MG20221505670 | Z50: SPDA Conforme | AA50: P4-A4 | AB50: Nuvem atualizada | AC50: OK
A51: xx | B51: 7001 | C51: 007 | D51: UNIFICAR - BOMBA DE ÁGUA | E51: Depósito de Resíduos ITM | F51: N.A | G51: N.A | H51: K19-204-FER-MC-048 | I51: K19-204-FER-DE-034 | J51: K19-204-FER-MD-034 | K51: K19-204-FER-LM-034 | L51: 1 | M51: 1 | N51: 1 | O51: 1 | P51: {=SUM(L51:O51/4)} -> 1 | Q51: NA | R51: K19-204-FER-RI-064-R00 | S51: 44622 | T51: =S51+366*3 -> 45720 | U51: K19-204-FER-IS-025 | V51: 45689 | W51: =SUM(V51+186) -> 45875 | X51: 1 | Y51: MG20221153740 | Z51: SPDA Conforme | AA51: P5-A4 | AB51: Nuvem atualizada | AC51: OK
A52: 29 | B52: 9036 | C52: 9029 | D52: CONSIDERAR MESMA ÁREA (ÁREA ADMINISTRATIVA MINA) | E52: Laboratório | F52: K19-204-FER-RI-035-R00 | G52: 6140800 | H52: K19-204-FER-MC-035 | I52: K19-204-FER-DE-044 | J52: K19-204-FER-MD-044 | K52: K19-204-FER-LM-044 | L52: 1 | M52: 1 | N52: 1 | O52: 1 | P52: {=SUM(L52:O52/4)} -> 1 | Q52: NA | R52: K19-204-FER-RI-035-R02 | S52: 44775 | T52: =S52+366*3 -> 45873 | U52: K19-204-FER-IS-028 | V52: 45689 | W52: =SUM(V52+186) -> 45875 | X52: 1 | Y52: MG20210511031 | Z52: SPDA Conforme | AA52: P7-A4 | AB52: Nuvem atualizada | AC52: OK
A53: 29 | B53: 9036 | C53: 9024 | D53: CONSIDERAR MESMA ÁREA (ÁREA ADMINISTRATIVA MINA) | E53: Depósito de Produtos Químicos | F53: K19-204-FER-RI-063-R00 | G53: N.A | H53: K19-204-FER-MC-035 | I53: K19-204-FER-DE-044 | J53: K19-204-FER-MD-035 | K53: K19-204-FER-LM-035 | L53: 1 | M53: 1 | N53: 1 | O53: 1 | P53: {=SUM(L53:O53/4)} -> 1 | Q53: NA | R53: K19-204-FER-RI-035-R02 | S53: 44775 | T53: =S53+366*3 -> 45873 | U53: K19-204-FER-IS-029 | V53: 45689 | W53: =SUM(V53+186) -> 45875 | X53: 1 | Y53: MG20210511031 | Z53: SPDA Conforme | AA53: P7-A5 | AB53: Nuvem atualizada | AC53: OK
A54: 33 | B54: 9047 | C54: 9060 | E54: ETE Oficina | F54: K19-204-FER-RI-048-R00 | G54: N.A | H54: K19-204-FER-MC-054 | I54: K19-204-FER-DE-037 | J54: K19-204-FER-MD-037 | K54: K19-204-FER-LM-037 | L54: 1 | M54: 1 | N54: 1 | O54: 1 | P54: {=SUM(L54:O54/4)} -> 1 | Q54: NA | R54: K19-204-FER-RI-048-R00 | S54: 45566 | T54: =S54+366*3 -> 46664 | U54: K19-204-FER-IS-004 | V54: 45566 | W54: =SUM(V54+186) -> 45752 | X54: 1 | Y54: MG20210427181 | Z54: SPDA Conforme | AA54: P5-A3 | AB54: Nuvem atualizada | AC54: OK
A55: xx | B55: 9048 | C55: 9061 | E55: ETE Principal | F55: K19-204-FER-RI-050-R00 | G55: N.A | H55: K19-204-FER-MC-055 | I55: K19-204-FER-DE-038 | J55: K19-204-FER-MD-038 | K55: K19-204-FER-LM-038 | L55: 1 | M55: 1 | N55: 1 | O55: 1 | P55: {=SUM(L55:O55/4)} -> 1 | Q55: NA | R55: K19-204-FER-RI-050-R00 | S55: 45566 | T55: =S55+366*3 -> 46664 | U55: K19-204-FER-IS-003 | V55: 45566 | W55: =SUM(V55+186) -> 45752 | X55: 1 | Y55: MG20210510720 | Z55: SPDA Conforme | AA55: P5-A2 | AB55: Nuvem atualizada | AC55: OK
A56: 36 | B56: 9028 | C56: 9036 | E56: DIR (Depósito Intermediário de Resíduos) | F56: K19-204-FER-RI-054-R00 | G56: N.A | H56: K19-204-FER-MC-056 | I56: K19-204-FER-DE-039 | J56: K19-204-FER-MD-039 | K56: K19-204-FER-LM-039 | L56: 1 | M56: 1 | N56: 1 | O56: 1 | P56: {=SUM(L56:O56/4)} -> 1 | Q56: NA | R56: K19-204-FER-RI-054-R00 | S56: 44594 | T56: =S56+366*3 -> 45692 | U56: K19-204-FER-IS-042 | V56: 45689 | W56: =SUM(V56+186) -> 45875 | X56: 1 | Y56: MG20210510928 | Z56: SPDA Conforme | AA56: P3-A3 | AB56: Nuvem atualizada | AC56: OK
A57: xx | C57: OBSOLETAR | E57: Mirante | F57: K19-204-FER-RI-046-R00 | G57: N.A | H57: K19-204-FER-MC-059 | I57: K19-204-FER-DE-041 | J57: K19-204-FER-MD-041 | K57: K19-204-FER-LM-041 | L57: 1 | M57: 1 | N57: 1 | O57: 1 | P57: {=SUM(L57:O57/4)} -> 1 | Q57: NA | R57: K19-204-FER-RI-046-R00 | S57: 45597 | T57: =S57+366*3 -> 46695 | U57: K19-204-FER-IS-002 | V57: 45597 | W57: =SUM(V57+186) -> 45783 | X57: 1 | Y57: MG20210510983 | Z57: SPDA Conforme | AA57: P2-A1 | AB57: Nuvem atualizada | AC57: OK
A58: 18 | B58: 9012 | C58: 9018 | E58: Container Recepção da Portaria | F58: K19-204-FER-RI-058-R00 | G58: N.A | H58: K19-204-FER-MC-060 | I58: K19-204-FER-DE-042 | J58: K19-204-FER-MD-042 | K58: K19-204-FER-LM-042 | L58: 1 | M58: 1 | N58: 1 | O58: 1 | P58: {=SUM(L58:O58/4)} -> 1 | Q58: NA | R58: K19-204-FER-RI-058-R00 | S58: 44594 | T58: =S58+366*3 -> 45692 | U58: K19-204-FER-IS-040 | V58: 45689 | W58: =SUM(V58+186) -> 45875 | X58: 1 | Y58: MG202101427245 | Z58: SPDA Conforme | AA58: P3-A1 | AB58: Nuvem atualizada | AC58: OK
B59: 9035 | C59: 9043 | E59: Pátio das Contratadas | F59: K19-204-FER-RI-090-R00 | G59: MG20210601153 | H59: K19-204-FER-MC-061 | I59: K19-204-FER-DE-043 | J59: K19-204-FER-MD-043 | K59: K19-204-FER-LM-043 | L59: 1 | M59: 1 | N59: 1 | O59: 1 | P59: {=SUM(L59:O59/4)} -> 1 | Q59: NA | R59: K19-204-FER-RI-090-R00 | S59: 44896 | T59: =S59+366*3 -> 45994 | U59: K19-204-FER-IS-052 | V59: 45689 | W59: =SUM(V59+186) -> 45875 | X59: 1 | Y59: MG20232225337 | Z59: SPDA Conforme | AA59: P11-A3 | AB59: Nuvem atualizada | AC59: OK
A60: xx | B60: 9036 | C60: 9024 | D60: CONSIDERAR MESMA ÁREA (ÁREA ADMINISTRATIVA MINA) | E60: Contêineres RH | F60: K19-204-FER-RI-053-R00 | G60: N.A | H60: K19-204-FER-MC-062 | I60: K19-204-FER-DE-045 | J60: K19-204-FER-MD-045 | K60: K19-204-FER-LM-045 | L60: 1 | M60: 1 | N60: 1 | O60: 1 | P60: {=SUM(L60:O60/4)} -> 1 | Q60: NA | R60: K19-204-FER-RI-053-R00 | S60: 44594 | T60: =S60+366*3 -> 45692 | U60: K19-204-FER-IS-047 | V60: 45689 | W60: =SUM(V60+186) -> 45875 | X60: 1 | Y60: MG20210511059 | Z60: SPDA Conforme | AA60: P5-A5 | AB60: Nuvem atualizada | AC60: OK
A61: 43 | B61: 9075 | C61: CRIAR ÁREA | D61: Oficina Mecanica / Caldeiraria ITM | E61: Tenda Pátio das Contratadas | F61: K19-204-FER-RI-049-R00 | G61: N.A | H61: K19-204-FER-MC-063 | I61: K19-204-FER-DE-046 | J61: K19-204-FER-MD-046 | K61: K19-204-FER-LM-046 | L61: 1 | M61: 1 | N61: 1 | O61: 1 | P61: {=SUM(L61:O61/4)} -> 1 | Q61: NA | R61: K19-204-FER-RI-049-R00 | S61: 44379 | T61: =S61+366*3 -> 45477 | U61: K19-204-FER-IS-037 | V61: 45689 | W61: =SUM(V61+186) -> 45875 | X61: 1 | Y61: MG20210427353 | Z61: SPDA Conforme | AA61: P8-A2 | AB61: Nuvem atualizada | AC61: OK
A62: 14 | B62: 9008 | C62: 9014 | D62: ÁREA PENEIRAMENTO MINA | E62: Novo Peneiramento (PM-05) | F62: K19-204-FER-RI-057-R00 | G62: N.A | H62: K19-204-FER-MC-064 | I62: K19-204-FER-DE-047 | J62: K19-204-FER-MD-047 | K62: K19-204-FER-LM-047 | L62: 1 | M62: 1 | N62: 1 | O62: 1 | P62: {=SUM(L62:O62/4)} -> 1 | Q62: 1 | R62: - | U62: - | V62: - | X62: - | Y62: MG20210369334 | Z62: Em andamento | AB62: Nuvem atualizada | AC62: Realizar limpeza nos pilares. Resp. J. Mendes Realizar medição de continuidade da malha. Resp. MSI
A63: 13 | B63: 9007 | C63: 9013 | E63: Captação Josino - Bombas | F63: K19-204-FER-RI-033-R00 | G63: N.A | H63: K19-204-FER-MC-033 | I63: K19-204-FER-DE-048 | J63: K19-204-FER-MD-048 | K63: K19-204-FER-LM-048 | L63: 1 | M63: 1 | N63: 1 | O63: 1 | P63: {=SUM(L63:O63/4)} -> 1 | Q63: NA | R63: K19-204-FER-RI-033-R00 | S63: 44867 | T63: =S63+366*3 -> 45965 | U63: K19-204-FER-IS-059 | V63: 45689 | W63: =SUM(V63+186) -> 45875 | X63: 1 | Y63: MG20210511177 | Z63: SPDA Conforme | AA63: P8-A4 | AB63: Nuvem atualizada | AC63: OK
A64: xx | B64: 9050 | C64: CRIAR ÁREA | D64: Poço de Captação Pires | E64: Poço de Captação Pires | F64: K19-204-FER-RI-076-R00 | G64: N.A | H64: K19-204-FER-MC-067 | I64: K19-204-FER-DE-051 | J64: K19-204-FER-MD-051 | K64: K19-204-FER-LM-051 | L64: 1 | M64: 1 | N64: 1 | O64: 1 | P64: {=SUM(L64:O64/4)} -> 1 | Q64: NA | R64: K19-204-FER-RI-076-R00 | S64: 44805 | T64: =S64+366*3 -> 45903 | U64: K19-204-FER-IS-068 | V64: 45689 | W64: =SUM(V64+186) -> 45875 | X64: 1 | Y64: MG20210599755 | Z64: SPDA Conforme | AA64: P4-A5 | AB64: Nuvem atualizada | AC64: OK
A65: 45 | B65: 9016 | C65: 9045 | E65: Balança Rodoviária | F65: K19-204-FER-RI-075-R00 | G65: N.A | H65: K19-204-FER-MC-069 | I65: K19-204-FER-DE-053 | J65: K19-204-FER-MD-053 | K65: K19-204-FER-LM-053 | L65: 1 | M65: 1 | N65: 1 | O65: 1 | P65: {=SUM(L65:O65/4)} -> 1 | Q65: NA | R65: K19-204-FER-RI-075-R00 | S65: 45292 | T65: =S65+366*3 -> 46390 | U65: K19-204-FER-IS-049 | V65: 45689 | W65: =SUM(V65+186) -> 45875 | X65: 0 | Y65: MG20210768456 | Z65: SPDA Conforme | AA65: P4-A3 | AB65: Nuvem atualizada | AC65: OK
A66: XX | B66: 7001 | C66: 9025 | D66: UNIFICAR - BOMBA DE ÁGUA | E66: Contêiner Elétrica ITM | F66: K19-204-FER-RI-051-R01 | G66: N.A | H66: K19-204-FER-MC-072 | I66: K19-204-FER-DE-056 | J66: K19-204-FER-MD-056 | K66: K19-204-FER-LM-056 | L66: 1 | M66: 1 | N66: 1 | O66: 1 | P66: {=SUM(L66:O66/4)} -> 1 | Q66: NA | R66: K19-204-FER-RI-051-R01 | S66: 44594 | T66: =S66+366*3 -> 45692 | U66: K19-204-FER-IS-024 | V66: 45689 | W66: =SUM(V66+186) -> 45875 | X66: 1 | Y66: MG20220907789 | Z66: SPDA Conforme | AA66: P2-A3 | AB66: Nuvem atualizada | AC66: OK
A67: 19 | B67: 9013 | C67: 9019 | E67: Lavador de Rodas | F67: K19-204-FER-RI-079-R00 | G67: N.A | H67: K19-204-FER-MC-073 | I67: K19-204-FER-DE-057 | J67: K19-204-FER-MD-057 | K67: K19-204-FER-LM-057 | L67: 1 | M67: 1 | N67: 1 | O67: 1 | P67: {=SUM(L67:O67/4)} -> 1 | Q67: NA | R67: K19-204-FER-RI-079-R00 | S67: 44744 | T67: =S67+366*3 -> 45842 | U67: K19-204-FER-IS-050 | V67: 45689 | W67: =SUM(V67+186) -> 45875 | X67: 1 | Y67: MG20220908158 | Z67: SPDA Conforme | AA67: P6-A1 | AB67: Nuvem atualizada | AC67: OK
A68: 49 | B68: 7001 | C68: 9049 | D68: UNIFICAR - BOMBA DE ÁGUA | E68: Contêiner Ferramentaria PCM ITM | F68: K19-204-FER-RI-062-R00 | G68: N.A | H68: K19-204-FER-MC-074 | I68: K19-204-FER-DE-058 | J68: K19-204-FER-MD-058 | K68: K19-204-FER-LM-058 | L68: 1 | M68: 1 | N68: 1 | O68: 1 | P68: {=SUM(L68:O68/4)} -> 1 | Q68: NA | R68: K19-204-FER-RI-062-R00 | S68: 44594 | T68: =S68+366*3 -> 45692 | U68: K19-204-FER-IS-027 | V68: 45689 | W68: =SUM(V68+186) -> 45875 | X68: 1 | Y68: MG20220908184 | Z68: SPDA Conforme | AA68: P3-A2 | AB68: Nuvem atualizada | AC68: OK
A69: 14 | B69: 9008 | C69: 9014 | D69: ÁREA PENEIRAMENTO MINA | E69: Contêiner PM-05 | F69: K19-204-FER-RI-060-R00 | G69: N.A | H69: K19-204-FER-MC-077 | I69: K19-204-FER-DE-059 | J69: K19-204-FER-MD-059 | K69: K19-204-FER-LM-059 | L69: 1 | M69: 1 | N69: 1 | O69: 1 | P69: {=SUM(L69:O69/4)} -> 1 | Q69: NA | R69: K19-204-FER-RI-060-R00 | S69: 44594 | T69: =S69+366*3 -> 45692 | U69: K19-204-FER-IS-044 | V69: 45689 | W69: =SUM(V69+186) -> 45875 | X69: 1 | Y69: MG20221153950 | Z69: SPDA Conforme | AA69: P2-A5 | AB69: Nuvem atualizada | AC69: OK
A70: XX | B70: 9077 | C70: CRIAR ÁREA | D70: Torre de Telecomunicações Meio Ambiente | E70: Torre de Telecomunicações Meio Ambiente | F70: K19-204-FER-RI-056-R00 | G70: MG20221154091 | H70: K19-204-FER-MC-075 | I70: K19-204-FER-DE-060 | J70: K19-204-FER-MD-060 | K70: K19-204-FER-LM-060 | L70: 1 | M70: 1 | N70: 1 | O70: 1 | P70: {=SUM(L70:O70/4)} -> 1 | Q70: NA | R70: K19-204-FER-RI-056-R00 | S70: 45353 | T70: =S70+366*3 -> 46451 | U70: K19-204-FER-IS-038 | V70: 45689 | W70: =SUM(V70+186) -> 45875 | X70: 1 | Y70: MG20221154091 | Z70: SPDA Conforme | AA70: P5-A1 | AB70: Nuvem atualizada | AC70: OK
B71: 9025 | C71: 9033 | D71: OFICINA DE VEÍCULOS | E71: Novas Tendas OEM | F71: N.A | G71: N.A | H71: K19-204-FER-MC-015 | I71: K19-204-FER-DE-032 | J71: K19-204-FER-MD-032 | K71: K19-204-FER-LM-032 | L71: 1 | M71: 1 | N71: 1 | O71: 1 | P71: 1 | Q71: NA | R71: K19-204-FER-RI-015-R02 | S71: 44959 | T71: =S71+366*3 -> 46057 | U71: K19-204-FER-IS-066 | V71: 45689 | W71: =SUM(V71+186) -> 45875 | X71: 0 | Y71: - | Z71: SPDA Conforme | AA71: Em elaboração | AB71: Nuvem atualizada | AC71: OK
B72: 9039 | C72: 9047 | E72: Centro de Treinamentos José Mendes Nogueira | F72: K19-204-FER-RI-087-R01 | G72: - | H72: K19-204-FER-MC-080 | I72: K19-204-FER-DE-069 | J72: K19-204-FER-MD-065 | K72: K19-204-FER-LM-065 | L72: 1 | M72: 1 | N72: 1 | O72: 1 | P72: {=SUM(L72:O72/4)} -> 1 | Q72: NA | R72: K19-204-FER-RI-087-R01 | S72: 45505 | T72: =S72+366*3 -> 46603 | U72: K19-204-FER-IS-081 | V72: 45689 | W72: =SUM(V72+186) -> 45875 | X72: - | Y72: MG20232047945 | Z72: SPDA Conforme | AA72: P13-A4 | AC72: OK
A73: xx | B73: 7001 | C73: 9034 | D73: UNIFICAR - BOMBA DE ÁGUA | E73: Contêiner Manuteção Mecânica ITM | F73: K19-204-FER-RI-080-R00 | G73: N.A | H73: K19-204-FER-MC-087 | I73: K19-204-FER-DE-072 | J73: K19-204-FER-MD-068 | K73: K19-204-FER-LM-070 | L73: 1 | M73: 1 | N73: 1 | O73: 1 | P73: {=SUM(L73:O73/4)} -> 1 | Q73: NA | R73: K19-204-FER-RI-080-R00 | S73: 44806 | T73: =S73+366*3 -> 45904 | U73: K19-204-FER-IS-058 | V73: 45689 | W73: =SUM(V73+186) -> 45875 | X73: 0 | Y73: MG20231798215 | Z73: SPDA Conforme | AA73: P9-A1 | AB73: Nuvem atualizada | AC73: OK
B74: 9008 | C74: 9014 | D74: ÁREA PENEIRAMENTO MINA | E74: Contêineres e Tenda do Peneiramento Móvel | F74: K19-204-FER-RI-077-R00 | G74: N.A | H74: K19-204-FER-MC-083 | I74: K19-204-FER-DE-073 | J74: K19-204-FER-MD-066 | K74: K19-204-FER-LM-066 | L74: 1 | M74: 1 | N74: 1 | O74: 1 | P74: {=SUM(L74:O74/4)} -> 1 | Q74: NA | R74: K19-204-FER-RI-077-R01 | S74: 45079 | T74: =S74+366*3 -> 46177 | U74: K19-204-FER-IS-055 | V74: 45689 | W74: =SUM(V74+186) -> 45875 | X74: 1 | Y74: MG20231837984 | Z74: SPDA Conforme | AA74: P9-A5 | AB74: Nuvem atualizada | AC74: OK
A75: xx | B75: 9012 | C75: 9018 | D75: PORTARIA | E75: Contêiner Logística Portaria | F75: K19-204-FER-RI-083-R00 | G75: N.A | H75: K19-204-FER-MC-090 | I75: K19-204-FER-DE-078 | J75: K19-204-FER-MD-073 | K75: K19-204-FER-LM-073 | L75: 1 | M75: 1 | N75: 1 | O75: 1 | P75: {=SUM(L75:O75/4)} -> 1 | Q75: NA | R75: K19-204-FER-RI-083-R00 | S75: 44836 | T75: =S75+366*3 -> 45934 | U75: K19-204-FER-IS-061 | V75: 45689 | W75: =SUM(V75+186) -> 45875 | X75: 1 | Y75: MG20231798235 | Z75: SPDA Conforme | AA75: P9-A2 | AB75: Nuvem atualizada | AC75: OK
B76: 9051 | C76: 9064 | D76: PORTARIA OESTE | E76: Portaria Oeste | F76: K19-204-FER-RI-012-R00 | G76: 6140410 | H76: K19-204-FER-MC-012 | I76: K19-204-FER-DE-027 | J76: K19-204-FER-MD-027 | K76: K19-204-FER-LM-027 | L76: 1 | M76: 1 | N76: 1 | O76: 1 | P76: {=SUM(L76:O76/4)} -> 1 | Q76: NA | R76: K19-204-FER-RI-012-R01 | S76: 45474 | T76: =S76+366*3 -> 46572 | U76: K19-204-FER-IS-074 | V76: 45689 | W76: =SUM(V76+186) -> 45875 | X76: 1 | Y76: MG20243187277 | Z76: SPDA Conforme | AA76: P13-A3 | AB76: Nuvem atualizada | AC76: OK
B77: 9039 | C77: 9047 | D77: Centro de Treinamento | E77: Guarita Centro de Treinamento | F77: K19-204-FER-RI-087-R00 | H77: K19-204-FER-MC-080 | I77: K19-204-FER-DE-069 | J77: K19-204-FER-MD-065 | K77: K19-204-FER-LM-065 | L77: 1 | M77: 1 | N77: 1 | O77: 1 | P77: {=SUM(L77:O77/4)} -> 1 | Q77: NA | R77: K19-204-FER-RI-087-R00 | S77: 45050 | T77: =S77+366*3 -> 46148 | U77: K19-204-FER-IS-067 | V77: 45689 | W77: =SUM(V77+186) -> 45875 | X77: 1 | Y77: MG20232047945 | Z77: SPDA Conforme | AA77: P13-A4 | AB77: Nuvem atualizada | AC77: OK
B78: 9036 | C78: 9024 | D78: Escritório da Mina | E78: Contêineres Adm | F78: K19-204-FER-RI-024-R01 | G78: N.A | H78: K19-204-FER-MC-024 | I78: K19-204-FER-DE-074 | J78: K19-204-FER-MD-078 | K78: K19-204-FER-LM-078 | L78: 1 | M78: 1 | N78: 1 | O78: 1 | P78: {=SUM(L78:O78/4)} -> 1 | Q78: NA | R78: K19-204-FER-RI-024-R01 | S78: 45708 | T78: =S78+366*3 -> 46806 | U78: K19-204-FER-IS-070 | V78: 45708 | W78: =SUM(V78+186) -> 45894 | X78: 0 | Y78: MG20232225250 | Z78: SPDA Conforme | AA78: Em elaboração | AB78: Nuvem atualizada | AC78: OK
C79: OBSOLETAR | E79: Caminhão Elétrico | Q79: NA | Y79: MG20232225426 | AC79: Área adequada , projeto instalado. *Área provisória. Verificar permanença da área
B80: 9079 | C80: VERIFICAR SE EXISTE NA ÁREA | D80: Patio Equipamentos de Içar | E80: Contêiner do Pátio de Equipamentos | F80: K19-204-FER-RI-091-R00 | G80: N.A | H80: K19-204-FER-MC-095 | I80: K19-204-FER-DE-085 | J80: K19-204-FER-MD-079 | K80: K19-204-FER-LM-079 | L80: 1 | M80: 1 | N80: 1 | O80: 1 | P80: {=SUM(L80:O80/4)} -> 1 | Q80: NA | R80: K19-204-FER-RI-091-R00 | S80: 45139 | T80: =S80+366*3 -> 46237 | U80: K19-204-FER-IS-073 | V80: 45689 | W80: =SUM(V80+186) -> 45875 | X80: 1 | Y80: MG20232225356 | Z80: SPDA Conforme | AA80: P12-A4 | AB80: Nuvem atualizada | AC80: OK
B81: 9036 | C81: 9024 | D81: Escritório da Mina | E81: Ponto de Ônibus Adm | F81: K19-204-FER-RI-092-R00 | G81: 6140317 | H81: K19-204-FER-MC-007 | I81: K19-204-FER-DE-075 | J81: K19-204-FER-MD-080 | K81: K19-204-FER-LM-080 | L81: 1 | M81: 1 | N81: 1 | O81: 1 | P81: {=SUM(L81:O81/4)} -> 1 | Q81: NA | R81: K19-204-FER-RI-092-R00 | S81: 45292 | T81: =S81+366*3 -> 46390 | U81: K19-204-FER-IS-077 | V81: 45689 | W81: =SUM(V81+186) -> 45875 | X81: 1 | Y81: 6140317 | Z81: SPDA Conforme | AA81: Em elaboração | AB81: Nuvem atualizada | AC81: OK
B82: 9080 | C82: CRIAR ÁREA | D82: Portaria Leste | E82: Portaria Leste | F82: K19-204-FER-RI-093-R00 | H82: K19-204-FER-MC-096 | I82: K19-204-FER-DE-086 | J82: K19-204-FER-MD-081 | K82: K19-204-FER-LM-081 | L82: 1 | M82: 1 | N82: 1 | O82: 1 | P82: {=SUM(L82:O82/4)} -> 1 | Q82: NA | R82: K19-204-FER-RI-093-R00 | S82: 45352 | T82: =S82+366*3 -> 46450 | U82: K19-204-FER-IS-087 | V82: 45689 | W82: =SUM(V82+186) -> 45875 | X82: 1 | Y82: MG20242821567 | Z82: SPDA Conforme | AA82: P12-A2 | AB82: Nuvem atualizada | AC82: OK
C83: OBSOLETAR | E83: Tenda da Moagem | F83: K19-204-FER-RI-094-R00 | H83: K19-204-FER-MC-097 | I83: K19-204-FER-DE-087 | J83: K19-204-FER-MD-082 | K83: K19-204-FER-LM-082 | L83: 1 | M83: 1 | N83: 1 | O83: 1 | P83: {=SUM(L83:O83/4)} -> 1 | Q83: NA | R83: K19-204-FER-RI-094-R00 | S83: 45352 | T83: =S83+366*3 -> 46450 | U83: K19-204-FER-IS-083 | V83: 45689 | W83: =SUM(V83+186) -> 45875 | X83: 1 | Y83: MG20242822155 | Z83: SPDA Conforme | AA83: P12-A1 | AB83: Nuvem atualizada | AC83: OK
B84: 9076 | C84: CRIAR ÁREA | D84: Torre de Telecomunicações Nascente | E84: Torre de Telecomunicação Nascente | F84: K19-204-FER-RI-095-R00 | H84: K19-204-FER-MC-098 | I84: K19-204-FER-DE-088 | J84: K19-204-FER-MD-083 | K84: K19-204-FER-LM-083 | L84: 1 | M84: 1 | N84: 1 | O84: 1 | P84: {=SUM(L84:O84/4)} -> 1 | Q84: NA | R84: K19-204-FER-RI-095-R00 | S84: 45352 | T84: =S84+366*3 -> 46450 | U84: K19-204-FER-IS-084 | V84: 45689 | W84: =SUM(V84+186) -> 45875 | X84: 1 | Y84: MG20242822231 | Z84: SPDA Conforme | AA84: P15-A3 | AB84: Nuvem atualizada | AC84: OK
B85: 9017 | D85: Escritório Adm | E85: Platô Administrativo | F85: K19-204-FER-RI-096-R00 | H85: K19-204-FER-MC-099 | I85: K19-204-FER-DE-089 | J85: K19-204-FER-MD-084 | K85: K19-204-FER-LM-084 | L85: 1 | M85: 1 | N85: 1 | O85: 1 | P85: {=SUM(L85:O85/4)} -> 1 | Q85: NA | R85: K19-204-FER-RI-096-R00 | S85: 45444 | T85: =S85+366*3 -> 46542 | U85: K19-204-FER-IS-085 | V85: 45689 | W85: =SUM(V85+186) -> 45875 | X85: 1 | Y85: MG20242822206 | Z85: SPDA Conforme | AA85: P12-A5 | AB85: Nuvem atualizada | AC85: OK
B86: 9081 | C86: CRIAR ÁREA | D86: Restaurante ITM | E86: Refeitório ITM | F86: K19-204-FER-RI-102-R00 | H86: K19-204-FER-MC-105 | I86: K19-204-FER-DE-095 | J86: K19-204-FER-MD-090 | K86: K19-204-FER-LM-090 | L86: 1 | M86: 1 | N86: 1 | O86: 1 | P86: {=SUM(L86:O86/4)} -> 1 | Q86: NA | R86: K19-204-FER-RI-102-R00 | S86: 45708 | T86: =S86+366*3 -> 46806 | U86: - | V86: 45708 | W86: =SUM(V86+186) -> 45894 | X86: - | Y86: MG20242822083 | Z86: SPDA Conforme | AA86: P14-A5
B87: 7001 | C87: 007 | D87: UNIFICAR - BOMBA DE ÁGUA | E87: Laboratório de Processos | F87: K19-204-FER-RI-089-R01 | H87: K19-204-FER-MC-081 | I87: K19-204-FER-DE-068 | J87: K19-204-FER-MD-064 | K87: K19-204-FER-LM-064 | L87: 1 | M87: 1 | N87: 1 | O87: 1 | P87: {=SUM(L87:O87/4)} -> 1 | Q87: NA | R87: K19-204-FER-RI-089-R01 | S87: 45505 | T87: =S87+366*3 -> 46603 | U87: K19-204-FER-IS-086 | V87: 45689 | W87: =SUM(V87+186) -> 45875 | X87: 0 | Y87: MG20232225407 | Z87: SPDA Conforme | AA87: P11-A2 | AB87: Nuvem atualizada
B88: 9039 | C88: 9047 | D88: Centro de Treinamento | E88: ETE CTE | F88: K19-204-FER-RI-087-R01 | H88: K19-204-FER-MC-080 | I88: K19-204-FER-DE-069 | J88: K19-204-FER-MD-065 | K88: K19-204-FER-LM-065 | L88: 1 | M88: 1 | N88: 1 | O88: 1 | P88: {=SUM(L88:O88/4)} -> 1 | Q88: NA | R88: K19-204-FER-RI-087-R01 | S88: 45505 | T88: =S88+366*3 -> 46603 | U88: K19-204-FER-IS-082 | V88: 45689 | W88: =SUM(V88+186) -> 45875 | X88: 1 | Y88: MG20232047945 | Z88: SPDA Conforme | AA88: P13-A4 | AC88: OK
B89: 9002 | D89: ETE Escritorio Adm | E89: ETE Platô Adm | F89: K19-204-FER-RI-097-R00 | H89: K19-204-FER-MC-100 | I89: K19-204-FER-DE-090 | J89: K19-204-FER-MD-085 | K89: K19-204-FER-LM-085 | L89: 1 | M89: 1 | N89: 1 | O89: 1 | P89: {=SUM(L89:O89/4)} -> 1 | Q89: NA | R89: K19-204-FER-RI-097-R00 | S89: 45505 | T89: =S89+366*3 -> 46603 | U89: K19-204-FER-IS-079 | V89: 45689 | W89: =SUM(V89+186) -> 45875 | X89: 1 | Y89: MG20243347939 | Z89: SPDA Conforme | AA89: P13-A5
B90: 9046 | C90: 9059 | D90: Canteiro Implantação de Projetos | E90: Canteiro Implantação de Projetos | F90: K19-204-FER-RI-098-R00 | H90: K19-204-FER-MC-101 | I90: K19-204-FER-DE-091 | J90: K19-204-FER-MD-086 | K90: K19-204-FER-LM-086 | L90: 1 | M90: 1 | N90: 1 | O90: 1 | P90: {=SUM(L90:O90/4)} -> 1 | Q90: NA | R90: K19-204-FER-RI-098-R00 | S90: 45566 | T90: =S90+366*3 -> 46664 | U90: - | V90: 45566 | W90: =SUM(V90+186) -> 45752 | X90: - | Y90: - | Z90: SPDA Não Conforme | AB90: Nuvem atualizada
B91: 9083 | C91: CRIAR ÁREA | D91: Concentrador Norte - Andromeda - Geotecnia | E91: Andromeda AURO | F91: K19-204-FER-RI-099-R00 | H91: K19-204-FER-MC-102 | I91: K19-204-FER-DE-092 | J91: K19-204-FER-MD-087 | K91: K19-204-FER-LM-087 | L91: 1 | M91: 1 | N91: 1 | O91: 1 | P91: {=SUM(L91:O91/4)} -> 1 | Q91: NA | R91: K19-204-FER-RI-099-R00 | S91: 45597 | T91: =S91+366*3 -> 46695 | U91: - | V91: 45597 | W91: =SUM(V91+186) -> 45783 | X91: - | Y91: MG20243525226 | Z91: SPDA Conforme | AA91: P14-A2 | AB91: Nuvem atualizada | AC91: OK
B92: 9084 | C92: 9013 | D92: ETR - Estação Total Robotizada - Josino | E92: ETR Josino | F92: K19-204-FER-RI-100-R00 | H92: K19-204-FER-MC-103 | I92: K19-204-FER-DE-093 | J92: K19-204-FER-MD-088 | K92: K19-204-FER-LM-088 | L92: 1 | M92: 1 | N92: 1 | O92: 1 | P92: {=SUM(L92:O92/4)} -> 1 | Q92: NA | R92: K19-204-FER-RI-100-R00 | S92: 45597 | T92: =S92+366*3 -> 46695 | U92: - | V92: 45597 | W92: =SUM(V92+186) -> 45783 | X92: - | Y92: MG20243525125 | Z92: SPDA Conforme | AA92: P14-A3 | AB92: Nuvem atualizada | AC92: OK
B93: 9085 | C93: 9035 | D93: Pátio Civil | E93: Pátio Civil | F93: K19-204-FER-RI-101-R00 | H93: K19-204-FER-MC-104 | I93: K19-204-FER-DE-094 | J93: K19-204-FER-MD-089 | K93: K19-204-FER-LM-089 | L93: 1 | M93: 1 | N93: 1 | O93: 1 | P93: {=SUM(L93:O93/4)} -> 1 | Q93: NA | R93: K19-204-FER-RI-101-R00 | S93: 45708 | T93: =S93+366*3 -> 46806 | U93: - | V93: 45708 | W93: =SUM(V93+186) -> 45894 | X93: - | Y93: MG20253733269 | Z93: SPDA Conforme | AA93: P14-A4 | AB93: Nuvem atualizada | AC93: OK
B94: 9086 | C94: 9021 | D94: ETE ITM | E94: ETE ITM | F94: K19-204-FER-RI-102-R00 | H94: K19-204-FER-MC-105 | I94: K19-204-FER-DE-095 | J94: K19-204-FER-MD-090 | K94: K19-204-FER-LM-090 | L94: 1 | M94: 1 | N94: 1 | O94: 1 | P94: {=SUM(L94:O94/4)} -> 1 | Q94: NA | R94: K19-204-FER-RI-102-R00 | S94: 45708 | T94: =S94+366*3 -> 46806 | U94: - | V94: 45708 | W94: =SUM(V94+186) -> 45894 | X94: - | Y94: MG20253733350 | Z94: SPDA Conforme | AA94: P14-A5 | AB94: Nuvem atualizada | AC94: OK
C95: OBSOLETAR | E95: Máquina de Sondagem | F95: K19-204-FER-RI-103-R00 | H95: NA | I95: NA | J95: NA | K95: NA | L95: 1 | M95: 1 | N95: 1 | O95: 1 | P95: {=SUM(L95:O95/4)} -> 1 | Q95: NA | R95: K19-204-FER-RI-103-R00 | S95: 45517 | T95: =S95+366*3 -> 46615 | U95: - | V95: 45517 | W95: - | X95: - | Y95: MG20242821998 | Z95: SPDA Conforme | AB95: Nuvem atualizada | AC95: OK
B96: 9087 | C96: CRIAR ÁREA | D96: Poço de Trabalho PT 8 | E96: Poço 08 | F96: K19-204-FER-RI-104-R00 | H96: K19-204-FER-MC-106 | I96: K19-204-FER-DE-096 | J96: K19-204-FER-MD-091 | K96: K19-204-FER-LM-091 | L96: 1 | M96: 1 | N96: 1 | O96: 1 | P96: {=SUM(L96:O96/4)} -> 1 | Q96: NA | R96: K19-204-FER-RI-104-R00 | S96: 45717 | T96: =S96+366*3 -> 46815 | U96: - | V96: 45717 | W96: =SUM(V96+186) -> 45903 | X96: - | Y96: MG20253815649 | Z96: SPDA Conforme | AA96: Em elaboração | AB96: Nuvem atualizada | AC96: OK
B97: 9088 | C97: CRIAR ÁREA | D97: ETR - Estação Total Robotizada - Norte | E97: ETR Norte | F97: K19-204-FER-RI-105-R00 | H97: K19-204-FER-MC-107 | I97: K19-204-FER-DE-097 | J97: K19-204-FER-MD-092 | K97: K19-204-FER-LM-092 | L97: 1 | M97: 1 | N97: 1 | O97: 1 | P97: {=SUM(L97:O97/4)} -> 1 | Q97: NA | R97: K19-204-FER-RI-105-R00 | S97: 45748 | T97: =S97+366*3 -> 46846 | U97: - | V97: 45748 | W97: =SUM(V97+186) -> 45934 | X97: - | Y97: MG20253901192 | Z97: SPDA Conforme | AA97: P15-A1 | AB97: Nuvem atualizada | AC97: OK
B98: 9089 | C98: CRIAR ÁREA | D98: ETR - Estação Total Robotizada - Leste | E98: ETR Leste | F98: K19-204-FER-RI-106-R00 | H98: K19-204-FER-MC-108 | I98: K19-204-FER-DE-098 | J98: K19-204-FER-MD-093 | K98: K19-204-FER-LM-093 | L98: 1 | M98: 1 | N98: 1 | O98: 1 | P98: {=SUM(L98:O98/4)} -> 1 | Q98: NA | R98: K19-204-FER-RI-106-R00 | S98: 45748 | T98: =S98+366*3 -> 46846 | U98: - | V98: 45748 | W98: =SUM(V98+186) -> 45934 | X98: - | Y98: MG20253901298 | Z98: SPDA Conforme | AA98: P15-A2 | AB98: Nuvem atualizada | AC98: OK
B99: 9090 | C99: CRIAR ÁREA | D99: Plataforma de enlonamento | E99: Plataforma de Enlonamento | F99: K19-204-FER-RI-107-R00 | H99: K19-204-FER-MC-109 | I99: K19-204-FER-DE-099 | J99: K19-204-FER-MD-094 | K99: K19-204-FER-LM-094 | L99: 1 | M99: 1 | N99: 1 | O99: 1 | P99: {=SUM(L99:O99/4)} -> 1 | Q99: NA | R99: K19-204-FER-RI-107-R00 | S99: 45778 | T99: =S99+366*3 -> 46876 | U99: - | V99: 45778 | W99: =SUM(V99+186) -> 45964 | X99: - | Z99: SPDA Conforme | AA99: Em elaboração | AC99: OK
A100: XX | B100: 9078 | C100: CRIAR ÁREA | D100: Torre de Telecomunicações Link Internet | E100: Torre de Telecomunicações Link Internet
...

Sheet _DashboardTemplate
A1: <!DOCTYPE html> <html lang="pt-BR"> <head> <meta charset="UTF-8"> <meta name="viewport" content="width=device-width, initial-scale=1"> <title>MSI Engenharia — Painel SPDA · Ferro+ Mineração</title> <style> :root { color-scheme: light; --page: #f9f9f7; --surface: #ffffff; --text-primary: #0b0b0b; --text-secondary: #52514e; --muted: #898781; --gridline: #e1e0d9; --border: rgba(11,11,11,0.10); --brand: #1F3864; --brand-light: #2E4E8C; --series-1: #2a78d6; --status-good: #0ca30c; --status-warning: #fab219; --status-serious: #ec835a; --status-critical: #d03b3b; --tone-good-bg: #e8f6e8; --tone-warning-bg: #fff4e0; --tone-critical-bg: #fbe9e9; --tone-brand-bg: #e9edf5; } :root[data-theme="dark"] { color-scheme: dark; --page: #0d0d0d; --surface: #1a1a19; --text-primary: #ffffff; --text-secondary: #c3c2b7; --muted: #898781; --gridline: #2c2c2a; --border: rgba(255,255,255,0.10); --brand: #4a6fb5; --brand-light: #5c82c9; --series-1: #3987e5; --tone-good-bg: #123312; --tone-warning-bg: #3a2c0c; --tone-critical-bg: #3a1414; --tone-brand-bg: #182236; } * { box-sizing: border-box; } body { margin: 0; font-family: system-ui, -apple-system, "Segoe UI", sans-serif; background: var(--page); color: var(--text-primary); } .wrap { max-width: 1180px; margin: 0 auto; padding: 28px 24px 60px; } header.top { display: flex; justify-content: space-between; align-items: flex-start; padding-bottom: 20px; border-bottom: 3px solid var(--brand); margin-bottom: 24px; } .brand-block .wordmark { font-size: 26px; font-weight: 800; color: var(--brand); letter-spacing: 0.5px; } .brand-block .tagline { font-size: 12px; color: var(--muted); letter-spacing: 2px; text-transform: uppercase; margin-top: 2px;} .brand-block .meta { margin-top: 10px; font-size: 13px; color: var(--text-secondary); line-height: 1.5; } .theme-toggle { border: 1px solid var(--border); background: var(--surface); color: var(--text-secondary); border-radius: 999px; padding: 8px 14px; font-size: 13px; cursor: pointer; } h1.title { font-size: 20px; margin: 0 0 4px; } .subtitle { color: var(--text-secondary); font-size: 14px; margin: 0 0 24px; } .stat-grid { display: grid; grid-template-columns: repeat(6, 1fr); gap: 14px; margin-bottom: 28px; } .stat-tile { background: var(--surface); border: 1px solid var(--border); border-radius: 10px; padding: 16px 14px; text-align: center; } .stat-tile .stat-value { font-size: 30px; font-weight: 700; line-height: 1.1; } .stat-tile .stat-label { font-size: 12px; color: var(--text-secondary); margin-top: 6px; line-height: 1.3; min-height: 32px; } .stat-tile .stat-sub { font-size: 11px; color: var(--muted); margin-top: 4px; } .tone-brand .stat-value { color: var(--brand); } .tone-good .stat-value { color: var(--status-good); } .tone-warning .stat-value { color: #a86a00; } .tone-critical .stat-value { color: var(--status-critical); } :root[data-theme="dark"] .tone-warning .stat-value { color: var(--status-warning); } .grid-2 { display: grid; grid-template-columns: 1fr 1fr; gap: 18px; margin-bottom: 18px; } .card { background: var(--surface); border: 1px solid var(--border); border-radius: 12px; padding: 18px 20px; } .card-head { display: flex; justify-content: space-between; align-items: center; margin-bottom: 6px; } .card h3 { font-size: 15px; margin: 0; } .toggle-btn { font-size: 12px; border: 1px solid var(--border); background: transparent; color: var(--text-secondary); padding: 5px 10px; border-radius: 6px; cursor: pointer; } .toggle-btn:hover { background: var(--page); } .legend { display: flex; flex-wrap: wrap; gap: 12px; font-size: 12px; color: var(--text-secondary); margin: 8px 0 4px; } .legend-item { display: flex; align-items: center; gap: 6px; } .legend-swatch { width: 10px; height: 10px; border-radius: 2px; display: inline-block; } .bar-chart { width: 100%; height: auto; } .bar-track { fill: var(--gridline); } .bar-catlabel { font-size: 12px; fill: var(--text-secondary); } .bar-vallabel { font-size: 12px; fill: var(--text-primary); font-weight: 600; } .bar-g { cursor: pointer; outline: none; } .bar-g:focus .bar-fill, .bar-g:hover .bar-fill { opacity: 0.82; } .data-table { width: 100%; border-collapse: collapse; font-size: 13px; } .data-table th, .data-table td { text-align: left; padding: 7px 8px; border-bottom: 1px solid var(--gridline); } .data-table th.num, .data-table td.num { text-align: right; font-variant-numeric: tabular-nums; } .section-title { font-size: 17px; margin: 32px 0 4px; } .section-sub { font-size: 13px; color: var(--text-secondary); margin: 0 0 14px; } .alert-banner { display: flex; align-items: center; gap: 14px; background: var(--tone-critical-bg); border: 1px solid var(--status-critical); border-radius: 10px; padding: 14px 18px; margin-bottom: 22px; } .alert-banner .icon { font-size: 22px; } .alert-banner strong { color: var(--status-critical); } table.list-table { width: 100%; border-collapse: collapse; font-size: 13px; background: var(--surface); border: 1px solid var(--border); border-radius: 10px; overflow: hidden; } table.list-table th { background: var(--brand); color: #fff; text-align: left; padding: 10px 12px; font-weight: 600; } table.list-table td { padding: 9px 12px; border-bottom: 1px solid var(--gridline); vertical-align: top; } table.list-table tr:last-child td { border-bottom: none; } .table-note { font-size: 12px; color: var(--muted); margin: 8px 2px 0; } .badge { display: inline-block; padding: 3px 9px; border-radius: 999px; font-size: 12px; font-weight: 600; white-space: nowrap; } .badge.tone-critical { background: var(--tone-critical-bg); color: var(--status-critical); } .badge.tone-warning { background: var(--tone-warning-bg); color: #a86a00; } :root[data-theme="dark"] .badge.tone-warning { color: var(--status-warning); } .tooltip { position: fixed; pointer-events: none; background: var(--text-primary); color: var(--surface); font-size: 12px; padding: 6px 10px; border-radius: 6px; opacity: 0; transform: translate(-50%, -110%); transition: opacity 0.1s; z-index: 50; white-space: nowrap; } .tooltip.show { opacity: 0.95; } .tooltip .tt-value { font-weight: 700; } footer { margin-top: 40px; padding-top: 16px; border-top: 1px solid var(--gridline); font-size: 12px; color: var(--muted); } @media (max-width: 860px) { .stat-grid { grid-template-columns: repeat(2, 1fr); } .grid-2 { grid-template-columns: 1fr; } } </style> </head> <body> <div class="wrap"> <header class="top"> <div class="brand-block"> <div class="wordmark">MSI ENGENHARIA E TECNOLOGIA</div> <div class="tagline">Painel de acompanhamento SPDA</div> <div class="meta"> Contrato {{CONTRATO}} — {{CLIENTE}}<br> Objeto: {{OBJETO}}<br> Gerado em {{GERADO_EM}} · fonte: planilha K19-204-FER-LD-001 </div> </div> <button class="theme-toggle" id="themeToggle" type="button">Modo escuro</button> </header> <h1 class="title">Resumo geral</h1> <p class="subtitle">Indicadores consolidados a partir do controle de áreas, ordens de serviço e documentação técnica.</p> <div class="stat-grid">{{KPI_HTML}}</div> <div class="grid-2"> {{STATUS_CHART}} {{OS_CHART}} </div> <h2 class="section-title">Vencimentos de laudos e inspeções</h2> <p class="section-sub">Documentos de conformidade (laudo completo por medição e inspeção semestral) organizados por urgência.</p> <div class="alert-banner"> <span class="icon">⚠️</span> <div><strong>{{VENCIDOS_COUNT}} documentos vencidos</strong> em {{AREAS_AFETADAS}} das {{AREAS_TOTAL}} áreas monitoradas ({{PERCENT_AFETADAS}}%). Recomenda-se priorizar a renovação das inspeções semestrais e laudos completos abaixo.</div> </div> <table class="list-table"> <thead><tr><th>Área</th><th>Documento</th><th>Validade</th><th>Situação</th></tr></thead> <tbody>{{VENC_ROWS}}</tbody> </table> {{RESTO_NOTE}} <h2 class="section-title">Pendências abertas</h2> <p class="section-sub">Ações registradas na aba Controle que ainda não foram concluídas.</p> <table class="list-table"> <thead><tr><th>Área</th><th>Ação pendente</th></tr></thead> <tbody>{{PEND_ROWS}}</tbody> </table> <h2 class="section-title">Documentação técnica emitida</h2> <p class="section-sub">Volume de documentos emitidos por tipo, desde o início do contrato.</p> {{DOC_CHART}} <footer> Registros de diário de obra (RDO): {{RDO_COUNT}} lançamentos, de {{RDO_FIRST}} a {{RDO_LAST}}. Painel gerado automaticamente a partir da planilha de controle — para atualizar, abra a planilha no Excel, clique no botão "Atualizar Dashboard" e envie o novo arquivo HTML gerado. MSI Engenharia e Tecnologia © {{ANO}}. </footer> </div> <div class="tooltip" id="tooltip"><span class="tt-value" id="tt-value"></span> <span id="tt-label"></span></div> <script> (function() { var toggleBtn = document.getElementById('themeToggle'); var root = document.documentElement; toggleBtn.addEventListener('click', function() { var isDark = root.getAttribute('data-theme') === 'dark'; root.setAttribute('data-theme', isDark ? 'light' : 'dark'); toggleBtn.textContent = isDark ? 'Modo escuro' : 'Modo claro'; }); document.querySelectorAll('.toggle-btn[data-target]').forEach(function(btn) { btn.addEventListener('click', function() { var wrap = document.getElementById(btn.getAttribute('data-target')); var chartView = wrap.querySelector('.chart-view'); var tableView = wrap.querySelector('.table-view'); var showingTable = !tableView.hidden; tableView.hidden = showingTable; chartView.hidden = !showingTable; btn.textContent = showingTable ? 'Ver tabela' : 'Ver gráfico'; }); }); var tooltip = document.getElementById('tooltip'); var ttValue = document.getElementById('tt-value'); var ttLabel = document.getElementById('tt-label'); function showTip(e, g) { ttValue.textContent = g.getAttribute('data-value'); ttLabel.textContent = g.getAttribute('data-label'); tooltip.classList.add('show'); moveTip(e); } function moveTip(e) { var x = e.clientX !== undefined ? e.clientX : (e.target.getBoundingClientRect().left); var y = e.clientY !== undefined ? e.clientY : (e.target.getBoundingClientRect().top); tooltip.style.left = x + 'px'; tooltip.style.top = y + 'px'; } function hideTip() { tooltip.classList.remove('show'); } document.querySelectorAll('.bar-g').forEach(function(g) { g.addEventListener('pointermove', function(e) { showTip(e, g); }); g.addEventListener('pointerenter', function(e) { showTip(e, g); }); g.addEventListener('pointerleave', hideTip); g.addEventListener('focus', function(e) { var rect = g.getBoundingClientRect(); showTip({clientX: rect.left + rect.width/2, clientY: rect.top}, g); }); g.addEventListener('blur', hideTip); }); })(); </script> </body> </html>
